,T0,T1,T2,T3,T4,T5,T6,T7,T8,T9
0,30.378327609200216,5.294347680971194,1.3484067128373312,-2.496012353189604,-4.626026289073746,-4.950845549120347,-4.626026289073746,-5.274946014915134,-5.7602309705538834,-4.788525942897879
1,25.109415522678848,-0.8675116378117668,-4.117964231852609,-8.289631261301068,-9.110306528959416,-10.575631484159864,-10.41359488342563,-10.899165794459131,-11.54456312136873,-10.899165794459131
2,21.185229584932728,-4.215537004129722,-7.977480883889834,-11.97558163406161,-13.447448103877926,-14.420660604198796,-14.582152672706387,-14.258989105966737,-15.066030299980962,-14.258989105966737
3,20.67262269412,-5.27451325384314,-8.85844258008657,-12.68696457926121,-13.83288718177057,-14.969871654084697,-15.292963667868213,-14.32152741469989,-15.131507378881274,-14.969871654084697
4,20.46749752332868,-5.27451325384314,-9.0269731324469,-12.68696457926121,-13.83288718177057,-14.969871654084697,-14.32152741469989,-13.83288718177057,-15.131507378881274,-15.131507378881274
5,20.443103696523877,-5.095850671731604,-8.848506123818268,-12.837382906270905,-14.791726428922738,-14.629901956796074,-13.654679219916876,-13.328309952501458,-14.305712266226513,-13.980319480867216
6,21.21111101161157,-5.084844514831226,-8.324128819906184,-12.481990083409682,-14.112683088546914,-14.436547902629464,-13.299375611822006,-12.64583383394996,-13.6250515801075,-13.788096356083699
7,21.517553023602364,-4.545615267093039,-7.782337220072028,-11.77249423759171,-13.727479872217314,-13.403543712113718,-12.263581648587788,-11.77249423759171,-12.753022441676203,-12.100069280697213
8,21.874311850425258,-4.535376369475006,-7.259717472466755,-11.746520458236061,-12.725443446534808,-12.887880656381533,-11.746520458236061,-11.090078412946832,-12.236562314908678,-11.910050578283904
9,21.821298862400337,-4.69707412360752,-7.244045900473532,-11.557810344608002,-11.394262537220778,-12.373291747286537,-10.902517815819422,-10.573281208383472,-11.230531420157526,-11.884357465019784
10,22.149615460177873,-3.9968898773756933,-6.715655139684804,-11.193498558040378,-11.193498558040378,-12.00820267861707,-9.715873372234459,-9.715873372234459,-10.702775282920477,-11.193498558040378
11,26.62869418965659,0.3418931943639492,-2.371372397842442,-6.350813494834127,-6.5142655312669655,-6.840623390178764,-5.695176299326967,-4.705705799933604,-5.859360673475933,-6.023361424299246
12,33.40567960061944,7.041099407660146,4.151059407425749,0.0,0.8207249279027343,-0.4907277306336579,1.4811011745429579,1.6465363957148769,0.8207249279027343,0.9854202569285929
13,41.57651447635032,15.015171581914887,12.63071755714023,8.46458133311459,9.288306124638646,8.136370860973814,9.454090165455337,9.785237703001103,9.288306124638646,8.958266080651047
14,48.83851057073262,22.63251603414148,19.735574986422815,15.902502827088115,16.396784749968276,15.738106655712478,16.56191105275895,16.396784749968276,16.396784749968276,17.55702420034505
15,49.38250142950066,23.202960313449413,20.81539000516783,16.643466371979166,16.97287950188005,16.314781205164678,17.46837038202407,16.47903297107892,16.643466371979166,17.96600497915899
16,47.48404575441975,20.943697938916998,18.39149935132058,14.559975843655398,15.384356700778588,14.395647127206166,13.903266604788412,13.576239454922112,13.576239454922112,15.384356700778588
17,45.304513784960214,18.638599952408537,16.093660568581754,12.601226769122466,12.601226769122466,12.272947839680965,11.944911589190223,10.803669414506842,10.803669414506842,12.601226769122466
18,44.433651951593994,17.571920346935144,14.859206893483362,11.536467265900308,11.536467265900308,11.208295342758726,10.227639788250121,9.577302609376368,9.577302609376368,11.208295342758726
19,42.683558255299516,15.694355648188607,12.989016695639389,10.003246793998088,10.003246793998088,9.184079686051648,8.369424937248047,7.72130225072538,7.72130225072538,9.839147029239431
20,41.02988239864131,14.114992031926565,11.583948679301834,8.766666199798552,8.766666199798552,7.6217257349532455,7.6217257349532455,6.162244721310737,6.324068205860561,7.6217257349532455
21,40.67042874309791,13.619733234935804,11.261516602473456,8.611541096856584,8.775752995369235,7.629599622943153,7.466655242566619,6.00724455464053,6.00724455464053,7.792723944465042
22,40.57864910474169,13.59115809653633,11.404864829880603,8.92164264089579,8.92164264089579,7.77664761783039,6.802169696817636,6.155917757499076,6.317096345867036,7.613867229768018
23,41.04713998657357,13.887000093110132,11.369757239911758,9.386138464375051,9.058182645178128,8.240979919259434,7.590360536491487,6.45899023581434,6.94307285023832,7.752627093772059
24,41.71678973786695,13.675393508768469,11.666900772753756,9.84930392535281,10.013578004287309,8.541155272604069,7.24401050081278,6.76086261809233,6.921735993719356,8.37850745183705
25,41.4214912216437,13.815553932787227,11.809133403788001,10.157496717631064,9.175088758201234,8.686560737477562,7.713848829322707,6.908047163430247,6.908047163430247,9.012066621994151
26,41.53011371742455,13.786315031965882,11.619116776773819,10.300527730645978,10.300527730645978,8.993575661971777,8.344168378984826,7.0543380333942824,7.0543380333942824,8.344168378984826
27,41.08215460077431,13.940279991980217,11.938579119126038,10.290381666415772,9.47286895715827,8.984329941639023,8.01254843516489,7.2079860496930435,7.368547600838802,8.984329941639023
28,41.03652639990439,13.925797694888807,11.926248143943507,10.279320824353475,10.279320824353475,9.137465614065205,8.165637797545937,7.361036803478933,7.361036803478933,8.489188186788544
29,40.436557885570274,13.758137938986284,11.926248143943507,9.952313755029607,9.300460096321086,8.812971216003968,8.489188186788544,7.361036803478933,7.2001694364255995,8.165637797545937
30,40.50096889287536,14.050278228421906,12.219697781912501,10.085085821137895,9.596454274007517,9.434094869214322,9.271913646483627,7.498637673922444,7.498637673922444,8.141130915460286
31,40.45609711536824,14.036179187632824,12.372827831382097,10.238115856366072,10.564463421051748,9.424905141566558,9.262894049465936,7.651544270352376,7.49146799258741,8.939404004476389
32,40.16847746133932,14.341259362943095,12.677755100957908,10.379924377806827,11.032681529760996,9.729556508333287,9.405681119801587,7.956026578762807,7.636017053310836,9.24400932025445
33,40.27738140851642,14.312089306113814,12.817259812804933,10.684512004919238,9.872040969267896,10.196302363320415,8.903030993789127,8.10027680813814,7.940343564190266,8.903030993789127
34,40.69184398164747,14.586782350622638,13.425115795211461,11.291970888811143,11.781406378283252,10.803669414506842,9.993716972288272,8.547281687022556,8.387491228513333,9.671165148794982
35,40.99673280907202,14.723062145063688,13.562584205087242,11.43159928882372,11.757381499430357,11.10605359641716,10.458057431346669,8.849452322364584,8.529543347325399,9.651563429321914
36,41.697744264669396,14.859377546670956,13.865076597923926,11.73389402652385,11.896710744682935,11.408317848722646,10.114557645526833,8.831563570006649,8.672088982610159,10.114557645526833
37,42.398679734355845,14.995283452975647,14.167004337189601,12.035624479609947,11.87249188995646,11.547722019304905,9.933540664797746,8.814212820203373,8.973530196403885,10.577193760528504
38,42.702370719943,14.965023966304514,14.303348320380517,12.173644954199393,12.825871894144166,11.686711545959056,10.234511492169206,9.115077180180394,8.955916711328921,10.234511492169206
39,42.853781072744916,15.115297396007707,14.453591565166155,12.323789982759413,11.674870591781874,11.674870591781874,10.224185373064824,8.946913953513913,8.946913953513913,10.54559425314827
40,43.00549692310805,15.099797570495634,14.769174259736753,12.311733637782062,11.987259130058739,11.663494505320758,10.054280901084663,9.097202496059264,8.93790181697236,10.054280901084663
41,42.95781540312194,15.415868380613622,14.754102175091006,12.624104144465248,12.787274687396708,11.489774379854664,10.684698095889237,9.08760159586293,9.08760159586293,11.006487026088989
42,43.26008414407506,15.384356700778588,15.05405547114069,12.76133439736509,12.598985591750004,11.628139278789508,10.984273915845254,9.06982981082077,9.228342479996954,10.823863347103389
43,43.06209997406042,15.219114365290485,14.72448656854537,12.923861356620183,12.76133439736509,11.306093133318033,10.663626868605498,8.911487631080604,8.911487631080604,10.663626868605498
44,42.86378484426178,15.219114365290485,14.889179658479968,12.923861356620183,11.950888489081956,11.46702849153955,10.023944857496824,8.594847622820632,9.06982981082077,10.503564148360356
45,42.61917392897331,15.203603301766378,14.874019379890267,12.91077694068014,11.777529084373699,11.455467865879378,9.695641124319314,8.586254244746785,8.744093941490055,10.493004316186715
46,42.17878472656313,15.51852744137055,14.85932878187861,13.060521655342479,12.250000331316585,11.444369275479321,9.685896054723948,8.420143139177423,8.735794762875036,10.32287546022581
47,42.08701043567169,15.652298363433577,15.15812860476248,13.521713168708711,12.225750016423405,11.903643573662732,9.666957336291032,8.718340094679252,9.034021984450813,11.100963667762082
48,41.84525141959529,15.636380986209733,14.97855124759414,13.345660745379117,12.213440088411359,11.730572401033234,10.770017059562747,8.867013028899317,9.025009299670037,10.929597689214097
49,41.79977884194636,15.950592052077843,15.292003596608865,13.494845853119696,12.040786536660255,11.719226474109808,10.759665965232795,8.858616775507134,9.331699186949818,11.238902313283795
50,42.05353888994075,16.231841517082103,15.573892125697123,13.778463368002468,13.130803918287617,12.004530964734267,11.045873357484037,8.989538232491679,9.46121244550322,11.045873357484037
51,41.96262611238588,16.528751656268525,15.706210788335735,14.07514947787449,12.621864820593721,12.4613715722694,11.34230484644678,9.44284621629111,9.60008586884326,11.661039232786978
52,41.917379578557075,16.67678433445869,15.8542062589977,14.06098692299756,12.288738384701544,12.12875890185277,11.17156801934289,9.119353160016926,9.590550403044293,11.64938749827203
53,42.06674970090199,16.825117716776347,15.674919737832383,14.371291919594729,13.562128767374839,12.436870091930341,11.319647269166342,9.581467907364788,9.581467907364788,11.479068796572488
54,42.261078009389145,16.660327399241574,15.674919737832383,14.371291919594729,13.079029630773462,12.116598067702078,11.002255526892752,9.267334842702063,9.267334842702063,11.160866000235638
55,42.558984002842195,16.95613651442698,15.807103939936821,14.504786781114626,13.213339310734277,12.252334383565483,11.614964420291235,9.24896426636242,9.405858107940935,11.297542790271297
56,42.85634608614266,17.25140554789361,16.26581957062089,14.799832974379635,13.508266382920262,12.387673991404851,11.116925231418126,9.075173695292833,9.387237331985508,11.116925231418126
57,43.004605209810904,17.23397606008081,16.249432803184508,15.109065620580399,12.69417251966031,12.216172045947152,11.421995582882746,9.22201029405699,9.377966700212232,11.105891415428925
58,43.10677684551737,17.52842426150353,16.543792156118005,15.40332120933148,13.949433421579068,12.510160230027601,11.399775354718981,9.515715265910075,9.359450011051724,11.241962319632314
59,43.10677684551737,17.52842426150353,16.543792156118005,15.241178200457059,12.669336719033973,12.191852950266387,11.399775354718981,9.20380972363631,9.20380972363631,10.769071356832777
60,43.06034562607766,17.511178724677038,16.527587181618326,15.226340870916562,13.45528226525827,12.180177656371345,10.601411045296972,8.884249822248428,9.195179916060429,10.915999110989222
61,43.16157566262058,17.969309793138123,16.821129611009027,15.68175312646245,13.26892622938657,12.632005078675794,10.580920069786686,9.17707991979203,9.48803983101416,11.051861453525476
62,42.967910083867885,17.80480977557284,16.657894081385344,15.51976501195545,13.58818382756799,12.314805685413226,10.580920069786686,9.332248549410812,9.17707991979203,11.209022737535086
63,43.216634210135695,18.40899659508008,16.934325488625728,15.796809276068114,13.548577800734853,12.594883187667445,11.019586179161692,9.926549890434599,9.460518303360274,11.647777928420522
64,43.27094748542808,18.847061431937085,17.535292559553486,16.07284265202632,13.667196648864795,12.873934458621049,12.399830021604991,9.897344042882347,9.897344042882347,11.770207793407277
65,43.03159857425278,18.82855451180984,17.51817046018184,16.05725226955972,13.336795336019257,13.019706509666133,11.60233959751688,9.423926501610788,10.04297548340704,11.759050360682718
66,43.2787273407053,19.2650201177762,17.791028965736576,16.33198806865905,12.823615469916072,13.139392146143257,11.568153320863798,9.859090766781897,10.323313184296898,12.351446551002464
67,43.08611671865784,19.100628339645375,17.628256916046336,16.009801476814456,12.981186762606132,13.297301318205522,12.037813868921054,9.704372549354376,10.1681050098571,12.194546729584797
68,43.52473264234838,19.536324160426258,18.06375536284528,16.283753085112284,14.366093687498811,13.574274699591259,11.37898879169493,10.447957266495917,10.447957266495917,12.315492010545572
69,43.478420583101276,19.51671387758772,18.208803274526435,16.428720523854725,14.988319627482502,13.403281957405392,12.147584399438717,10.283449848943638,10.592652888876712,12.774095551346756
70,43.578151729914765,19.478145498579583,18.335445762071064,16.396614211492984,14.958720180838208,13.377397441327286,11.501197846798105,10.26386980408725,10.571998067794983,12.9061018041606
71,43.72340362825256,19.786322181221035,18.317204794056913,16.540753182825213,14.152018179674533,13.363815621118604,11.335013494468715,10.71586663807897,10.561714293371535,12.736550112358321
72,43.868953917995086,19.930902974026605,18.461720083064197,16.524821386471835,14.138079445669222,13.351145949846002,12.100544467056636,11.014807979881358,10.551873161477957,12.411970428514527
73,44.4960396942744,20.199518751322785,18.731749560144742,16.796692642724047,14.7281240727333,13.62598147460203,12.687670507401757,10.367754904884663,10.82881500007325,12.532017993509783
74,44.59390742099369,20.48708459416162,19.019185089659665,17.24418392373652,16.44429147697367,13.59933409645495,12.818886353520448,11.115522666351183,10.961811309791857,12.818886353520448
75,44.978024424234476,20.323321741636793,18.694571617989983,17.083954083902185,15.015196487596338,13.443005544786477,11.73289394184387,10.654418699748003,10.808260832380997,12.507587313548605
76,45.074571164142924,20.446765103768037,18.819650676525757,17.370705485474566,15.776323162935633,13.573245409584887,11.556062568647947,10.94057351614101,10.94057351614101,12.79391717635454
77,45.36306763932134,20.733282767087807,18.944368407752695,17.65694865540678,15.58781401214329,13.702653976134743,12.459450844440806,11.07296287961103,10.919864594814388,12.769496749838405
78,45.219095759260014,20.590298397405583,18.80146329650899,17.353550780978306,15.286738055190172,13.559987560972967,12.47154815792772,10.77732893793789,10.623946736119207,12.47154815792772
79,45.98757872112302,20.99886559915265,19.21166592711414,17.92499499376212,16.967499860159258,13.974854048614771,12.423675267926937,10.58344602255758,10.73576958802348,13.042094090286358
80,46.08229099981364,21.284104594180373,19.335406273975128,18.209960618071587,17.57119911593276,14.259458619626855,12.708134976419453,10.563081665577313,10.563081665577313,12.708134976419453
81,46.08229099981364,21.120815374120305,19.335406273975128,18.050012012468944,16.934711884437487,14.103726231732919,12.862396611938701,10.259064327166527,10.563081665577313,12.39964282170558
82,45.98563850660844,21.24235083144898,19.45920947389335,18.01547063175562,16.427278973783757,14.076774251011953,12.069337245634378,10.239792410622952,10.999290882215787,12.683990292446566
83,45.79381776805476,21.079404987460727,19.62038933210705,18.01547063175562,16.901996219634924,13.611046191425805,12.683990292446566,10.695376729209025,10.695376729209025,12.376568626133869
84,46.079988569341225,21.526557332147014,19.581764138594675,17.980169600689575,17.344252005723174,14.049960881178245,12.199545587291889,10.826435668681103,10.826435668681103,12.813614284898051
85,46.17461193004712,21.484494170713447,19.865300102902893,18.263562219371114,18.104429598139703,14.177581297081362,12.482405653866511,10.503291026316688,11.109165644274611,12.942872816698713
86,45.98323929369681,21.484494170713447,20.026808692414924,18.104429598139703,16.994332580569097,13.404787935575452,12.482405653866511,10.503291026316688,10.805691569493254,12.7889215634659
87,46.12608180597424,21.62635572825907,20.168605865028212,18.246140737384042,17.452529704605908,13.546283232069923,12.164358627103782,10.49323050939352,10.644649036221333,12.777042823880965
88,46.36227682849267,21.725661906522834,20.592836346792296,18.51112331040557,18.352303207407,13.661297067829743,12.282512383535064,10.614158755409685,10.463630844853428,12.740669902062345
89,46.219816059222936,21.58418682442295,20.289881137968774,18.528774507903403,16.316549758315606,13.674029134267508,11.836687396755753,10.17230677249022,10.021652618373814,12.44643228904743
90,46.646406667009515,22.007825848478603,20.874900648611817,18.634167835472525,16.426355728569288,14.096595391599166,12.411102835216926,10.143256352441739,10.594376483686634,12.563818188410488
91,46.646406667009515,21.84551889896826,20.552447347659886,18.31654174554764,16.582835763640954,13.789029775881218,11.499921719612157,10.594376483686634,10.44370065768374,12.411102835216926
92,46.646406667009515,21.68291065103436,20.552447347659886,18.634167835472525,17.52614217442355,13.481654187111781,11.651243340876144,9.993486410078713,10.44370065768374,12.258994825700348
93,47.071881880908144,21.943424670092433,20.974786779307525,19.056250970220557,17.475605426678314,13.44332970134238,11.769830312846807,10.11480255743858,10.714545479713266,12.528226198137656
94,47.02319448137603,22.084139915193173,20.95470320547111,19.03767758535673,16.67564560243332,12.668513213925669,12.061275521351954,10.254974616123045,10.854746310323279,12.668513213925669
95,46.69075949282388,21.78162601679184,20.493060178219842,18.422059291759197,16.69180332360188,12.528226198137656,11.769830312846807,10.864645180425583,10.414366193809943,12.375964111785116
96,46.59341746714135,21.900869427847205,20.773827272449026,18.386300239598583,16.50371041450297,13.265147344009103,12.200999789609552,9.946593675919218,10.544111721496911,12.352357252128282
97,46.166002215938796,21.879857303563277,20.914234383496915,18.842956352259275,15.866164386924462,13.252453832805688,11.887412106661262,10.086500824445743,10.086500824445743,12.341014571144491
98,45.880702974934266,21.998670662182633,21.194270866663395,18.648718130878233,16.14574649697414,13.531793538045592,12.01542355427307,9.769935506040927,10.365540151947215,12.469045905035008
99,45.5518681283934,22.020184983190333,21.054519533332062,18.351548557748014,15.69661350935755,12.63227950452286,11.424334945773198,9.779157498751557,10.375341174748769,12.178187237076896
100,45.97453595473711,22.117081919552174,21.313482781815306,18.928454434347266,16.580782794083078,13.202839530285802,11.692576761486539,9.90008956984584,10.94325150896977,12.445761174748586
101,45.73865725536876,22.095930230114003,21.133222743783403,18.91058114539637,15.636869365191751,12.887614470868728,11.831928781262635,10.03935574234142,10.336593420828722,12.283306728530329
102,46.01941851925227,22.213979428433625,21.412007164309017,18.874058700974825,16.378450055382718,13.46832068151078,11.809540053647472,10.020456745998015,10.912257605365168,12.410802737022404
103,46.34806033902703,22.514258381804517,21.711385361369242,18.698908808272346,17.448657431883856,12.700295973326119,11.349688439509132,10.011454515254254,10.604807481244494,12.399032193401446
104,46.487939102489584,22.492353738819173,21.690311105419724,18.680916658390288,17.12109717720895,13.29164004577149,11.338997279953194,10.446200016234869,10.446200016234869,12.387317185445221
105,46.628109749204874,22.47089859360955,21.66968461621386,18.819959532427188,16.950333323509124,12.676261845324934,11.477699640803175,9.992654871518711,10.881866424448353,12.37558854177913
106,46.76815968768404,22.449482839212354,21.808734623877438,18.33301245212171,17.709781950793463,13.11620807358978,11.466869400137075,10.426982406217656,10.426982406217656,12.6647020842457
107,46.57990276733739,22.28868221733165,21.489158372973893,18.64584697750718,16.625308164433786,12.965699236206282,11.616282557834404,10.131166551352777,10.574897503003083,12.214143288751528
108,46.7198253568854,22.267471875577723,21.628074665316394,18.627899024042705,16.91832013917228,13.254742795476174,11.75474623658843,10.417616887142204,10.269559054202915,12.352635385657722
109,46.950407842428945,22.683181834686177,22.0437004771265,18.73102453133187,18.10833768582419,13.21763597567263,12.019576274480238,10.241148873074124,10.683617732098734,12.46791959295886
110,46.4839191722399,22.24589226845082,21.60715362101643,18.610036289527027,16.902176897360274,12.790700829135023,11.59442093270526,10.11218119541015,10.40742607236476,12.041824348738684
111,46.99304158135715,22.93779296380611,21.98073628203563,19.45728353082358,17.438234180331108,12.73140133553004,11.540493164722479,9.918925246094073,10.801297410642775,12.582225784694652
112,46.66647643697631,22.639716017132887,21.842553743449958,18.695156204638483,16.838204849741278,12.59364104145806,11.254831878446753,9.634978994586856,10.368924797170012,12.29501679253791
113,46.432113387026305,22.777933540849574,21.82143426991228,18.833198471864762,17.59288387608725,12.881169951998729,11.392528468274623,10.212455500277002,10.212455500277002,12.134733544019573
114,46.897030349821456,22.89431244211593,21.780245467222592,18.95341925317499,17.251724707284595,13.006568660672915,11.224095638672528,10.047481910401874,9.900856140094861,12.11239350368666
115,46.75809759258887,22.596344419828,21.642320069202423,18.194784448178368,15.888648943192663,13.168307521204639,10.791624058232967,9.617439411681472,9.617439411681472,11.82663817665424
116,46.84848335027668,22.871755999014443,21.600658554427955,18.160107606299377,15.706584309976533,12.249354736270377,11.065954831327945,9.745318902730421,9.453513089370889,11.952494519452436
117,47.03543638260013,22.712390209678563,21.442650372663536,18.00573008056912,16.468982414588655,13.143572126419633,10.771491267134104,9.162292148131668,9.599127881001051,11.656672730820658
118,47.49935202079933,22.82851440441184,21.560017979140355,17.66378241530779,16.591125727473212,12.226845790112652,10.898490209214208,9.436374910346562,9.87325307422863,11.487473493888817
119,47.548182334103466,22.531881767552115,21.264793636153414,17.834506279812636,15.388515397206175,12.386602973453213,10.614785333266774,9.299391957781982,9.299391957781982,11.203146598588466
120,47.63781861674596,22.806952559624627,21.381762812645963,17.49400871955772,15.966615635021983,11.919839223238576,10.741812037841022,9.282560657925124,9.137224692956456,11.477179525882217
121,47.91399215537758,22.92179405800701,21.49846521591062,17.613994614842248,17.001985737996044,11.602786021775577,11.01490645986427,9.26538623536426,9.700581749974226,11.602786021775577
122,47.6784437894853,22.741630993362673,21.3208022287722,17.904624293590672,16.68136542423203,12.922362464347591,11.151480674953948,9.401875877672978,9.401875877672978,11.592405612792168
123,47.5809598868438,23.015494002399933,21.594540156521717,18.331524150971074,16.498139438387543,12.159824953982291,11.27787640750337,9.529426638433408,10.109766731106992,11.865248697826495
124,46.93328382490315,22.424557964626295,21.163923645061534,17.29149888227211,16.22486171591893,12.034233935416541,10.858414344365983,8.967534623612426,8.967534623612426,11.445138000532436
125,46.97485373038931,22.51876140012616,21.417200418864457,17.85382474045249,16.179496706585645,12.14810007576582,10.82822555070301,8.942737848243144,9.231190882826656,11.70710011353655
126,46.60475300697218,22.51876140012616,20.94753202755745,17.548308048963644,15.274286292352839,12.590872960692803,11.120881786627287,9.375845659662708,9.231190882826656,11.560108115188044
127,46.83213263117618,22.770502256559443,21.04433901426691,17.957137676787227,15.833156224086261,11.528809706979025,11.382386937178715,9.494737972879152,9.206528990034215,11.821665976286267
128,46.32545514630807,22.476080078906474,20.752281654773665,17.820976373390057,15.095742750771532,12.125944629429643,11.100264366284334,9.070780300641495,9.647743970558299,11.392948718569562
129,46.27898240115849,22.455029236691924,20.88857495290922,18.262696104454946,15.682802103717476,12.409150397286671,11.090412157420667,8.77507569630932,9.206528990034215,11.23611131433775
130,46.73668385315888,22.569741677236063,21.004802366932758,17.923313194392637,15.653455034881155,11.50706255340253,11.215352897065799,9.045788884270223,9.477284248944445,11.36134943245957
131,47.01052751343417,22.84164945656225,20.96534841455281,18.50023607363307,14.877184717296545,12.216877036259927,11.049919743960615,9.172742612593193,9.46028840925004,11.340782873854126
132,47.653342134289524,22.95550819299711,21.081481426218666,18.313573829605563,15.296933056642166,11.902652374715837,11.029977174522669,9.013477591356263,9.442928531067468,11.465446091580938
133,48.11095463376061,22.912305917228828,21.19689589202094,18.126946922855343,15.417793201412335,11.734977010656277,11.009706911562088,9.139609217238238,10.14345735628577,11.444349155873152
134,48.11095463376061,22.755662175192832,21.041598829635955,18.279204102971192,15.865785583070325,11.444349155873152,10.86483065214444,8.996588341856578,10.287615138537962,11.299466339446473
135,48.38346154896114,22.86919425706208,21.157241195639635,17.639355027456695,15.83666195142722,12.150212922283627,10.845300170612441,9.12332540770477,9.55201014219344,11.4237209210864
136,48.334460764800866,22.691757932958158,20.982863804625758,18.38021196602743,15.52426821451614,12.868459959533311,10.835347783288912,9.114994552069524,9.686460343538615,11.558261636506867
137,48.28555543546957,22.514379269667003,21.117727534061302,18.06040802636247,15.361385579731063,13.0029506178764,10.82583682268597,9.107097249374883,10.107181533951872,11.548067868203313
138,48.23634593170189,22.648795711866455,21.097854569772114,18.04311661208491,15.49547921859093,12.407425623974332,10.959716155793478,9.098400010510657,9.38310739969604,11.248106591558864
139,48.18817475593987,22.472266466701956,21.078412619408624,18.177610932464372,15.481101226966308,13.12482686243333,10.9496788454143,9.232471886807708,9.517193189030138,11.526487136922094
140,47.955551922781716,22.606840870772835,21.05855129327568,18.01030410736038,15.76412112101051,12.094906493310152,10.796161333876602,8.940168152787741,9.93646339558569,11.083722194374138
141,48.091027229981094,22.58546129397885,20.88557208951021,17.99349687673725,16.046755976835225,12.374107513781766,10.499571961034263,9.073995576231,9.500280146054694,11.361867235909171
142,48.36163940376784,22.698802097311148,21.153996279698333,17.509920925627696,16.612623335871227,12.351848647398175,10.76703122872708,8.916242934143954,10.052419161033518,11.485182328479617
143,48.49677664576072,22.677836872507495,21.13412104724248,17.793671244369445,16.300062883692526,13.211138867859852,10.614396532019896,8.908572393032502,9.3328335402214,11.475112125384543
144,48.81543974590943,22.656058139759068,21.11433927474898,17.77717645228916,16.43337672438138,13.053514356735096,10.747442147869394,8.900107030063822,9.182685246305478,11.464243521220464
145,49.26943645858731,22.76892698556736,21.228224939319087,18.194272383223247,16.700458329388912,13.030037442787062,10.58547495438996,9.166471399512849,8.884417170990035,11.157245992856035
146,49.26943645858731,22.614314751345365,21.0752151428628,17.894643603018157,16.55164816828026,12.595544057292798,10.728311475443643,9.02516774401854,9.02516774401854,11.013986389912759
147,49.538730234494494,22.7265668276086,21.189385772605974,17.26476043416841,16.818273377890883,12.861798169540952,10.709245880301374,9.150312419205893,9.856760599233503,11.280088861151105
148,49.48892095375331,22.551521480945244,21.169567115452615,17.546773805483888,16.803177812208038,12.56192342772613,10.415213445608744,9.283094965060375,9.001134845922609,11.127258600655207
149,49.7575336914304,22.817990090495346,21.283344374887452,18.111405465225584,16.62482173134278,12.251598828415872,10.822451399185136,9.407268124249294,8.985318359992213,11.39267362844725
150,49.84121438958275,22.621608441533024,21.24370528222666,17.92910888294764,16.741795147427005,12.516268717233546,10.802893948598092,9.671663322264306,10.377592939579685,11.22944791326148
151,49.65733999257741,22.621608441533024,21.091595213769192,18.227445944030887,17.18612934320422,11.943032476856407,10.802893948598092,9.390336963480214,10.094890536391418,11.08698404594117
152,49.69213879362751,22.7123657790456,21.337131697768744,18.17745775054559,17.13916143926879,13.344730800846321,11.199418529747922,9.645970090130467,10.068023025019933,11.341623736618308
153,49.642457888613926,22.53807456759519,21.166068536685625,18.458930755031616,17.123849518639684,13.045079828477137,11.047787306863619,9.497290987449773,9.637296782708553,11.331375974374673
154,49.77590419743357,22.51750813184644,21.14640897651156,18.44191943429401,17.255971637628466,12.317798018902542,11.1796226465571,9.4887615079496,10.33171981108915,11.889881865507313
155,49.54338220615184,22.649759058632647,21.278599015151023,18.12816602304839,16.651094661387365,12.021643195529911,11.16954132685672,9.62040639906193,10.322425757690443,11.737191585882275
156,49.94269771042244,22.739966346977564,21.37145029891094,18.523659799150195,16.752710540959896,12.41627946502178,11.422780947369944,9.594971266888306,10.01469392422072,11.70588356927544
157,49.94269771042244,22.587480659104155,21.220371892399474,18.375478656632513,16.899690203797164,11.989540598521964,10.998954787766237,9.455197627720537,9.17646621744366,11.422780947369944
158,49.76007498844533,22.587480659104155,21.06944824384705,17.783377327272778,16.899690203797164,12.986943878863842,10.857816554116667,9.315969820468684,9.734880461097719,11.422780947369944
159,49.89295574003945,22.414316620190988,20.899336965004725,18.35861260488936,17.03123113616129,12.547609570332895,10.989071599218262,9.307639230763144,9.168263658412538,11.55406331054419
160,49.47965660885564,22.393517384578036,20.880028482919023,18.342211682825454,16.869257342462145,12.821511698723398,10.979205049902493,9.160074828776217,9.299322590967328,11.402245221889261
161,49.61230067880461,22.373202244759025,20.710580667893662,18.47359185780984,16.853864345129065,13.095040407373363,10.829022266142598,9.291019865931236,9.152308674041528,11.251259952294511
162,49.56305185900789,22.20090336090287,20.691928328601932,18.013849293111267,16.692509828637593,11.947267142138909,10.679251345289343,9.283140020811548,9.283140020811548,10.81931858053225
163,49.513507660960855,22.331844865866902,20.67292233862336,18.14460261619844,16.531220566685672,12.644632297816072,10.529093973424407,9.27448033809935,9.27448033809935,11.231117976434598
164,49.82739733979805,22.4630657724698,20.65389324458294,17.980992103393124,16.51618485447085,12.775407261621282,10.659766913831927,9.127887878965975,9.961515163554333,10.940346221526324
165,49.959603214880815,22.442743580471316,20.78492666013384,18.40656057634263,16.355894083959914,12.056064475342014,10.79033346062117,9.25837953174271,9.535597228666381,10.930561809615426
166,50.09170153580368,22.422010579947568,20.616374350340354,17.80159804800399,16.48661872169873,13.03663793242044,10.781106490484888,9.250145444625774,9.527109849100018,10.781106490484888
167,50.35557621416763,22.38154289238808,20.57898475250571,18.35665946884539,16.602592906893218,12.16517619819797,10.761876411211308,9.233718357244243,9.372085144470065,10.901718242091126
168,50.619022768633464,22.491465819543464,20.69102652532329,18.177196938246144,16.427787463745688,12.284368651214272,10.743120854361832,9.079769038092019,9.217751849882246,11.022015595599438
169,50.518987960435076,22.30013946443748,20.65360454519874,17.851781994453226,16.39852131320328,12.685304065097325,10.72401805326648,9.201432860587195,9.891670854848561,10.72401805326648
170,50.83175181391266,22.580758728834965,20.634722691538293,18.12813963849141,16.528465404113142,12.8150729587528,10.575831718556916,9.193698559172905,8.918614987269414,10.993028517313157
171,50.7815565193816,22.25964829977481,20.616310916228255,17.96592248146435,16.369354137197465,12.241388090313205,10.289373936222002,9.048089654656145,9.736415281479108,10.56644683655386
172,50.81288578596301,22.3490620867216,20.708837177144606,18.0634044738909,16.75820258404567,12.48920554895428,10.538792892838902,9.02456793617957,9.711024683462318,11.371342850908952
173,50.76286275114455,22.628992964719153,20.838424889754112,18.48447301588382,16.887609821101325,12.478094942509317,10.391574637428008,8.879763280535952,9.427565834659255,11.083598839276508
174,51.024124934803716,22.73773214304336,21.09728752010446,17.869978442300397,17.001598626356735,13.016977032003025,10.373225460385488,9.137499088167221,9.411367914075031,11.480531751275945
175,51.15459851781217,22.56740095667391,20.93020398596182,18.434832673108804,16.986734642836996,12.725280236598499,10.501998637660611,9.129867966620179,9.266211609130849,11.470370736571573
176,51.284967319830606,22.846623060957914,21.0593621211624,18.12813197704947,16.971471609278833,12.713985605569983,10.355341952007382,9.258470397220576,9.121847686129787,11.321906876603212
177,51.184314946104195,22.805372647217578,21.16961011533234,18.385871373615277,16.941445849957397,12.412638789022644,10.749753118895756,9.105846613530819,9.105846613530819,11.717745349055386
178,51.31435756902151,22.93428665111328,21.15040036605991,17.790552920323698,16.639437309168457,12.680624772669391,10.878106910224169,9.097865756405051,9.916932537907135,11.846146129225673
179,51.44429609145002,23.0630974579916,21.131658152264247,17.91913142253312,16.481690923851232,12.669404553388073,11.006357952991264,9.090298173142983,9.22602949929714,11.835689368326952
180,51.574130679923485,23.042085691516814,20.96532942655662,18.191884620061458,16.324376961864996,12.102639495468248,10.997078234024137,9.082343077003522,9.218352700062567,11.134506411568008
181,51.75458193429926,22.594715998636104,20.817859470368195,18.047607078627205,16.038794300706854,12.102639495468248,10.721805793553992,8.946462246519086,9.082343077003522,11.272471772355114
182,52.013952782266536,22.702643247390657,20.634057377949244,17.727238261418396,16.010620644231743,12.358723030484883,10.977755443248697,9.338131830296257,9.746187177597093,10.977755443248697
183,51.96301250096954,22.83100990129091,20.61543166304304,17.999531765772502,16.138682440590696,12.34782999008076,10.968117859714747,9.194199750047597,9.873948548985945,11.243167614457544
184,51.602706661732206,22.83100990129091,20.46867889091397,17.71179351303573,15.854594451480251,12.209181752810581,10.419992619134216,8.92343827470878,9.058555735626875,10.83119348145081
185,51.602706661732206,22.682465245921207,20.322503914757196,17.85537980178755,15.996359848514146,11.794441022202944,10.283588657276665,8.788050007523635,9.058555735626875,10.83119348145081
186,51.32303184872987,22.938878497369814,20.28633615093425,17.823875751197583,15.968327198539534,12.326097753608703,10.812213225082578,8.907886273445888,9.58513589993336,10.812213225082578
187,51.14381232489701,22.79047051170285,20.28633615093425,17.53696065187155,16.110385317449307,12.04984550199432,10.675263436124169,8.772739894374318,9.178561869924382,10.402156269308863
188,50.91554346238582,22.770191761787743,20.122846602789384,17.808750326669152,15.95492997462801,11.764158788679419,10.393433935138464,8.630975981017093,9.035656886196286,10.393433935138464
189,51.173561575985865,23.02596646632244,20.232473921188035,17.776981268233065,15.92661940911766,11.88115798794625,10.375283727455828,8.615979397408465,9.29014458923627,10.648055233398779
190,51.12379803263653,23.005566489862275,20.069114137991768,17.47571545167794,15.91291547434062,11.870746301456723,9.82312349172915,8.474086775486489,9.282063689606932,11.048517549643014
191,51.55982106180709,23.112284041838013,20.324003922282433,17.587433226383116,15.884744968122439,12.124868165112977,10.212743113791491,8.727875470554014,8.996853665888402,11.302559593938541
192,51.81681748767564,23.07100689238263,20.288045106861265,17.84166891830005,15.857082295718424,11.966806480785104,10.330565517541487,9.115701467025485,9.250267055844422,11.556199260840962
193,52.07340750042211,23.02986929149008,20.542102454613286,17.52547678486746,15.969845886193845,11.809437822986515,10.313018765059029,9.234248203716911,9.3687007965979,10.991242200530458
194,52.25227283033779,22.58803028111693,20.542102454613286,17.38363208213732,15.829510933116747,11.809437822986515,10.313018765059029,9.09992171772599,8.966115659798449,10.583684521347505
195,52.45753330065125,23.115646772203338,20.63250169344647,17.62138869320279,16.068561825531436,12.051769987043906,10.421314937684588,9.344806308830192,9.478632247449703,10.691908561984786
196,52.76463994553928,22.94838228899323,20.614466954711563,17.46471936262723,16.054785446856815,11.905127859950163,10.683009595578717,9.337106248693127,9.87387292609345,11.224846286527642
197,53.19914246230387,23.348722024175746,20.578170343517982,17.434305619640075,16.026971301835573,11.748695864768752,10.529912996364168,9.588857404298892,9.588857404298892,11.20578183232711
198,53.020030439494285,23.05467675006192,20.578170343517982,17.292832235032648,16.30718353847651,11.748695864768752,10.529912996364168,9.321003487887108,9.588857404298892,11.070273633429464
199,53.14757510740841,22.740832366400465,20.415860063851735,17.2775860355326,15.733477526024892,11.602602464195483,9.848706273935303,8.912874708377531,9.045854365634192,11.196073520738668
200,53.09610366826753,23.30729312100982,20.541994663311606,17.26278012750286,15.580095184983445,11.592546216432348,10.377085503592701,8.905208976084909,9.171449667505868,10.781361119606585
201,52.61147059222299,22.448239439493825,20.12787149465249,17.136796082151893,14.898043028055492,11.466831943614098,9.714584548804087,8.912874708377531,8.513503394639583,10.925426896892194
202,52.20516367087638,22.282441870744726,20.25399302735867,16.980767136560875,14.746226931735762,11.457296018021681,9.974341286227673,8.772078646957095,8.772078646957095,10.646475940441642
203,52.33247034290798,22.554286315980804,19.94884401783073,16.966245146381798,14.733339545170198,11.311976750428917,9.831733290447941,8.764542506004048,8.764542506004048,10.36812945266851
204,51.75016502601735,22.388549088659158,20.218478143234304,17.092011953785004,14.859001388582522,11.167042699487022,9.55586081415576,8.624246008653111,8.491596885930715,10.225315670077299
205,51.65067613236762,22.349064623001656,20.039620042007428,16.921996296299156,15.110029834701923,10.878720249555238,9.806376041555366,8.609467235650202,9.007454453856019,10.073808909200181
206,51.72820696726356,21.874965156156264,19.86192446067096,16.892711745119243,15.222886836150442,10.99477146301397,9.657004622923713,8.727409795059803,8.727409795059803,10.458243423061422
207,51.981439622566974,21.981327607610275,20.25565147798227,17.283274183427412,15.196379412702795,10.842070745198779,10.306599210872061,8.712881558247325,8.977010337263495,10.842070745198779
208,52.41078632071466,22.086989890610795,20.50593497353015,17.11353763536936,15.308010082284778,11.225660381836473,9.88973213597258,8.698011526349623,9.094277602363308,10.422373249103067
209,53.14336118976871,22.607062166811538,20.309863429740197,17.488131512148485,15.820553041609289,11.733355489277587,10.5295941673881,8.939523746382019,9.335482583411089,10.929594423011817
210,53.21830655930655,22.85652839735,20.701814642398414,17.457634609320262,15.793501980261313,11.713623734070827,10.511594725944168,9.055945731703922,9.451578072971133,11.177968537771266
211,53.57240615501412,22.567478055144615,20.132300847942957,17.03980596187514,15.65554883682929,11.445545973979367,10.113020482745041,8.924311669906244,9.187701358505743,10.644699936108882
212,53.52105411461449,22.547522727125894,20.115041399741152,17.025385787950054,15.77980651676369,11.569601595458188,10.36975197213401,9.048242974334778,8.916723732418111,10.237010714730287
213,52.990803913484584,21.8278494594857,20.25676607504536,16.747481428084164,15.36712020390574,11.435743899981787,10.237010714730287,8.654048607009845,8.78532567329362,10.5026165321121
214,53.167350331705244,21.8278494594857,19.97303692782217,16.608728914972687,14.955206151480661,11.435743899981787,9.839913960276057,8.52289234407669,8.654048607009845,10.237010714730287
215,52.4623814825101,22.115209385483567,19.54826826541268,16.470516730678145,14.8185650899345,11.168402951263596,9.70766360659396,8.260941472600157,8.52289234407669,10.104392564774162
216,52.06142176940735,21.379232558521622,19.814202021786304,16.45621659942822,14.942680962669423,11.025878808067068,9.303725387331983,8.25393587362428,8.515659190113052,10.228280155397304
217,52.48814434371668,21.91441018058476,19.497762362948812,16.428050423707077,15.054054989405566,11.140553199239882,9.683266759202915,8.371280178986789,8.894395417331424,10.476131315641414
218,52.86393618307066,21.857068221457567,19.728478751838107,16.523698972302498,15.56218494307855,11.112082482310162,9.92186136811618,8.480410573788857,8.741480316292721,10.317631029060074
219,52.938964391292416,21.819501015765386,19.835673346361546,16.633259448613206,15.39902515024266,11.22620998916393,9.642620862879948,8.59670199333876,8.857558718121641,10.696654094703886
220,53.313290560213154,22.04732891279043,19.78429954736001,16.86537423125014,15.905459995213906,11.330059298461315,10.274311785484755,8.835149118030456,9.095806142450455,10.933482544308559
221,53.61364925326085,21.886313033051643,19.907895288287403,16.851595558791743,15.892142188856866,11.188863704754647,10.00338771338387,8.958219760282859,9.218889829503226,10.660770584531566
222,53.986844193450956,22.255714311940196,19.996244559742358,17.082771398762507,16.12409242531115,11.556758430050722,10.239973931997072,9.325783731098504,9.325783731098504,11.292429118996841
223,54.11105184196783,22.378659344867238,20.119087228383627,17.068071165108762,15.974285169809152,11.414859797550955,10.756134643434681,9.317935018349516,9.317935018349516,11.282871667310372
224,54.00937202207191,22.340390918925372,20.225055628620986,17.039504917955213,16.219663784184053,11.659799513247066,10.738341815193023,9.17279451592739,9.432591108328515,11.264161308954606
225,53.710327352515975,22.359480792704414,19.682611596036768,16.77997988635087,16.23357954611767,11.669672970951702,10.092664419750713,8.920960147343955,9.050674325007844,10.878798834663325
226,53.41103471601636,22.23627510514858,19.14137001449338,16.520143049661726,15.430484117472398,11.414859797550955,9.970039161407175,8.539332397239706,8.79839337792359,10.493492762446667
227,53.78337807282065,22.32091431334792,19.370695097178423,16.75118950215513,15.662404541779392,11.649941627899631,10.075676236013688,8.647365702116137,8.905994332633291,10.729286881773492
228,53.732522294715025,22.301469490111373,19.493111068958648,16.60070453114098,15.649019265392226,11.508328576696439,9.936874864359488,8.64012247105921,8.64012247105921,10.589320977384508
229,53.80572418598758,22.263451232583705,19.738022221885245,16.708936596092105,15.487809914376879,11.75248152427507,10.050651692983715,8.754950772481925,8.754950772481925,10.702949992520752
230,54.4532648623613,21.961725497405677,19.443056525172008,16.694644154930632,15.744615505104775,11.479596445374018,10.302553190462746,8.876560179777904,8.747630610811317,10.302553190462746
231,54.52550854043243,22.347607935367453,19.826283060165977,16.666485765610318,15.583524946020562,11.460635903482665,10.025744328279128,8.99091582656837,8.733381379639114,10.676352917282257
232,54.70039766841449,22.06506495293316,19.13344798149786,16.530969780087084,15.448626102799196,11.460635903482665,10.025744328279128,8.733381379639114,8.733381379639114,10.415752931219249
233,54.894941653719265,21.867927328090396,19.775546082626732,16.75995881149875,15.678477183449617,11.562628321831644,10.0005970600281,8.839935334122503,8.839935334122503,10.779664833399625
234,55.31604439591315,22.111478695325598,19.880358758904226,16.731782040905752,15.652619672568505,11.674724346697937,10.11357956885915,8.825578132922237,8.953854097607497,10.892014928508718
235,55.21184100839713,21.793257375288835,20.12298116570474,16.838661833537625,15.760407694935184,11.785806254612142,10.355270523841172,9.195429508020558,9.195429508020558,10.873805805344501
236,54.98589933452113,21.914863400917707,20.10607602620779,16.825107106081227,16.150356326606957,11.645760306964291,10.346988047097504,9.059960223138638,9.316434889545855,10.73537829954147
237,54.16760778253316,21.234364229405394,19.84666244059098,16.568539780429745,15.760407694935184,11.26394933699982,9.838617220361241,8.810910380345645,9.067140696246007,10.355270523841172
238,54.484568536455846,21.71942324228614,19.917289984679215,17.052735485666336,15.440677405827499,11.74712359387115,10.321509494135679,9.037777517849422,9.293597307485385,10.579652925761543
239,53.74277081937695,21.700758641897828,19.762994924333555,16.90330122101429,15.427645798831543,11.607233772818644,10.44182770385845,8.902659645485482,9.158031763207175,10.44182770385845
240,54.260563857939545,21.56177939970131,19.214010843508028,16.633728992898043,15.427645798831543,11.477272518224446,9.79847970498348,8.775145825139093,9.030288233158009,10.184139072734942
241,54.38262598179487,21.682533813675686,19.608700575790056,16.62004781806428,15.014934962904075,11.467701858325206,10.175678042980906,8.513042591283288,9.022810492454996,10.175678042980906
242,55.0433327360728,21.47029807145168,19.816692755146192,16.967072923203457,15.230258650174102,12.07811402912029,10.527375322184621,9.12019479686944,9.247511239961437,10.527375322184621
243,54.74861958232386,21.627162174112428,19.285654301784376,16.712549372634513,15.110189319017024,11.828328652020176,10.407534758832236,8.873228569987008,8.873228569987008,10.407534758832236
244,54.59586757916739,21.433959162850385,19.51025604594556,16.93880199312311,15.603381016582883,12.058373228342615,9.997985566799434,8.59823533544117,8.978514752275743,10.638656974654582
245,54.54501301429068,21.5540355592855,19.493688221810984,16.790501587846034,15.457493732886878,11.918809952641174,10.117518250565716,8.464731910133217,8.971116825382616,10.501593432964189
246,54.25155815424468,21.433959162850385,18.829191493127745,16.536754491570946,14.676032874970778,11.540473783163087,9.87019732524035,8.345282029377756,8.59823533544117,10.382041665899871
247,54.49460573045444,21.536396469282785,19.06936786504403,16.776716140060827,15.577548722232809,11.263879220925268,9.471853189629469,8.331915877564382,8.837422085149761,10.493260053042848
248,54.8073529840771,21.877492435752238,19.683964755356133,17.12179961057073,15.658491400846927,11.48392348933947,9.9489298326276,8.55626492070725,9.061341862292645,10.970540039042676
249,54.92819391148995,21.997018252684676,19.667710056687966,17.10741894617703,15.513183105130526,11.346022506639198,10.195148312495153,8.549252348950258,9.053904639365326,10.96148663814872
250,55.738112875941496,21.70312498709141,19.2443198404669,16.9599658685802,15.897226965735989,11.465305808753541,10.187108631303634,8.291342797789879,8.79430396589706,10.824957664543279
251,55.97939239797821,21.528745814738073,19.347599254948253,17.064761749035725,15.60657713120005,11.446396123223927,10.170368206832691,8.779909560824917,8.779909560824917,11.062495501867506
252,56.32498816176034,21.39176109038616,19.482663253074943,16.931550880370025,15.474711044554844,11.318314029090207,9.78989814567371,8.905718364641954,8.528627299832575,10.807136685639168
253,56.39337959302921,21.355861631439247,19.585925415212866,17.03655101443982,15.580915514862202,11.427892956852643,10.02730466428586,9.14303616449027,8.515045455844755,10.91674949498145
254,56.39337959302921,20.945614711533224,19.180260262590622,16.63837823599819,15.186367793770001,11.427892956852643,9.521544524006657,8.891505042081992,8.264628514818055,10.534875908247383
255,56.18509672033458,21.148282785330096,19.385913266540662,16.980782750425472,15.267976205350676,11.774036046684715,9.99519827184342,8.863207475155491,8.738029190278448,10.754668596161034
256,56.02967657642886,21.504025425367967,19.87629962271833,16.938718137426584,16.016105405272484,12.000652441495404,10.096680356479077,8.716691036423647,8.966531325046905,10.855280585294366
257,54.93468994972629,20.99416508297482,19.50438485379757,16.174069191907915,15.648121013440688,12.276177574094584,9.483021028255079,8.106834474054505,8.730544967227809,10.492464039159165
258,55.41411891271052,21.19633668719811,19.574542491550222,16.647150302594866,15.466628573977827,12.492318883599193,9.82914117903105,8.702878863804155,9.202168533990008,10.711447180505026
259,54.95350288051855,20.941905472530276,19.321701303219342,16.265585001962005,15.217765223254169,12.246292320175039,9.585624603576715,8.460415387650322,8.959238811196254,10.719857450048767
260,55.02225206670506,21.17850768019936,19.42387558759171,16.633329480365056,15.584450854403897,12.226560058771655,9.570372940700567,8.198334407511176,8.945032247640944,10.829037828942976
261,55.312199268235126,21.160706650188914,19.407631494878512,16.75111475697047,15.310665553895547,12.216168543704697,9.43711237512451,8.19169473820979,8.937772424340926,10.693973963632965
262,55.482480284917465,21.025036268150544,19.273596095961206,16.75111475697047,15.963795984481445,12.0886939565085,9.56259173899844,8.06779207958077,8.688763119926397,10.567487880281647
263,56.47182112954036,21.22618546117932,19.477679874869708,16.958981133125572,15.911769353219434,12.431374312036272,9.781625644227008,8.537054490596113,8.909165146807569,10.785308968546344
264,55.891781909490156,20.855201160053316,19.108483960666906,16.59234074517087,15.155694483104897,11.815092034462571,9.422139112046084,7.931139687423263,8.42651146067422,10.04812772767909
265,55.959766272889524,20.955681759366954,19.076987301061436,16.56562074143267,15.131068439441194,11.922971341472074,9.656710453532998,8.537054490596113,8.41323554348405,10.15740336600267
266,55.73775959743117,21.073207366751635,19.194426269424664,16.682941841153347,15.508094185117626,11.407082374779415,9.39959165972576,8.158969979917254,8.530157141452236,10.023648099020523
267,55.49984173920256,20.433675234293133,18.559898944575146,16.448213393722874,15.143544644272009,10.291123631043703,8.792132510865379,7.554904896724788,8.296227991218384,9.664549125468904
268,55.059162565253466,20.66877575259891,18.794826010886236,16.42103076030009,14.859544382762566,10.525253290696197,8.901959528923049,8.282469257991474,8.282469257991474,9.898616158024456
269,55.347689016051966,20.517271761989214,18.64709764674749,16.538597963833627,14.977036773655826,10.76812648317387,8.647336419467248,8.029443760787501,8.029443760787501,9.89093678078965
270,55.41601125843521,20.752174583021915,18.749099139528802,16.642333918303994,14.308236342442505,9.999989194291528,8.633367908885397,8.13958200330476,8.016496132337789,9.999989194291528
271,56.3987992041978,21.220604092259112,19.084527807643973,16.979296508748373,15.549407659092179,10.591213605680604,9.09946254852317,8.236566487241383,8.605576559590858,10.341614020553871
272,56.296082819817926,21.31998050629338,19.18568268301207,16.951705554749324,15.266264018185623,10.949048116003539,9.208614122644498,8.838233740499348,8.592094578226588,10.325261412619087
273,56.70202237115451,21.419115843490516,19.28659358200113,17.054449138624204,14.984541739764692,9.812362650944191,9.564537073296298,8.210493769478528,8.455585446134616,10.432922517093864
274,57.22587258335827,21.768908959116494,19.371597047768624,17.01318136813721,14.692593577592854,10.90596413157576,9.78903662980919,8.435969923584345,8.558374433520909,10.53255083125467
275,57.51350477732598,21.616666662683052,19.487686854240643,17.25919896291981,15.064462811595055,10.276131840692686,10.028256459545185,8.062590190894714,8.551528537314484,10.524078303564762
276,57.51350477732598,21.616666662683052,19.22366527293863,16.999240076650647,15.32092408200811,10.524078303564762,9.657802195827669,8.796456605650635,8.796456605650635,10.524078303564762
277,57.97250581983588,21.465548144644576,19.208164075557395,16.855969429223983,14.413560210002196,10.888386992069382,9.650035042199194,7.934355497212688,8.545032282212453,10.639992068698858
278,57.34348410581956,21.215328865364754,18.960127354568968,16.739752219800152,15.192635821375399,10.276131840692686,9.41101031213705,7.940710587222283,8.30666710603257,10.151957733574433
279,56.37862056324183,21.099159341394365,18.712480195477916,16.23545819882998,14.18161685356844,10.656790471083077,9.41856273907181,7.947056445926629,8.435969923584345,9.78903662980919
280,56.445144394281336,20.93111903631168,18.81338124068216,16.467599132154856,14.158920051294267,10.764134945150929,9.28085677432595,8.178379486260916,8.422468855755975,9.650035042199194
281,55.55301304081052,20.913796532288398,18.79790570562682,16.196035799436178,14.147427301653245,9.642302199162753,9.02768635925496,7.928028428176735,8.049708918591687,9.642302199162753
282,55.55301304081052,20.64755572150236,18.667051657200773,16.0671563023408,14.656732624236675,10.383324119447824,8.782733440755708,7.806453325593738,7.806453325593738,9.642302199162753
283,55.90495739867625,20.72988741710312,18.883365351965722,16.156792602733727,14.621408270774584,9.619511106097947,8.883818970954714,8.273907187660946,7.909084723018802,9.865357334870021
284,55.80368953592256,20.828652836561627,18.983650530635174,16.259289204968365,14.598060251678769,9.481564592224885,9.114162087444333,8.62589981828671,7.896852270666958,9.972810439505976
285,56.424310133453744,20.81182815910195,18.968428582062742,15.989843869458802,14.586581841430915,10.704484581670641,9.229377526549888,8.012005684503716,8.133197682647806,10.088069259054992
286,57.39628410968506,21.00852110383852,19.168148603809616,16.450528665540382,15.046996632573965,10.793744832784204,9.566567017119022,8.4711136603615,8.4711136603615,10.424684749143431
287,57.34467657079539,20.859444343177774,19.152817758095328,16.053422552853228,14.27587412651378,11.526248638234737,9.559294950313758,8.34336403352234,8.828402500929956,10.293644434506733
288,57.46104958386373,20.842321506772652,19.006811974086947,16.040425002423582,14.643387353798174,11.764503406992871,9.551697336377055,7.853780121463657,8.579046845365648,10.285446057470024
289,58.19973467734098,20.9402979881142,19.10629064622591,15.887469865752,14.999155952677244,10.636950441770738,9.658280432993502,8.08242176553383,8.565446705459385,10.146765005229662
290,57.52564141021357,20.676805690482027,18.97615422851893,16.01482515710687,14.745995367736175,10.514334201891891,9.658280432993502,8.32390366087172,8.565446705459385,10.146765005229662
291,57.306151732706205,20.66021220534734,18.831121772278358,15.874974514381147,14.608340428530745,10.997371764712277,9.650952584807225,8.317304756924186,7.83550089260263,10.139038448287048
292,57.37024850255481,20.75810816632651,18.93050978364866,15.97673721825839,14.837127413674333,10.48959302871794,9.757569040281144,8.424935864209935,7.943496382587715,10.001034651029808
293,57.3185670544309,20.872490360442402,18.915116971682647,15.8369294534079,14.447792574379234,11.585759979661379,9.62800689099443,8.53872031285627,8.05725625869297,9.993107248651262
294,56.817075014134204,20.610296450389672,18.78554402391568,15.33035329203052,14.82520343621969,11.216513025833658,9.38537018476665,8.05725625869297,8.659256562289817,9.62800689099443
295,57.5503448718942,20.839126993465023,18.626150780175006,15.431938806623023,14.173962691998259,10.831349205773197,9.37051622389943,7.924726112850479,8.40500076964277,9.855776194333245
296,57.164734884624956,20.691448739262324,18.61138358776204,15.672896269778539,14.413373170126754,10.456671175893439,9.36345033733221,8.278677305084214,7.918827383555702,9.848316431197256
297,57.215810738031216,20.446116411068513,18.239145145874453,15.305676208117005,14.42496352083505,10.099214867939512,9.007934871610654,7.805002488883436,8.40500076964277,9.37051622389943
298,57.164734884624956,20.56055841720104,18.096047988961228,15.041739866802704,14.790207423630273,10.823094322361085,8.88025318906059,7.679323417592594,7.679323417592594,9.48442103254367
299,56.49856037369573,20.42978711795894,17.967503493977716,14.790207423630273,14.037904115064839,10.334861165350992,8.639100558072895,7.559900625112089,7.559900625112089,9.36345033733221
300,56.780308675669865,20.5438058676888,17.82465217920502,15.155503972472054,13.901845593431549,9.597910587456811,8.752547248905614,7.553614360183403,8.271811628637733,9.356061119840167
301,56.89604250853331,20.396867764853283,17.682490151973127,14.892352715711706,14.515814585209151,9.349016080043917,8.625836598561493,7.309513684735244,7.309513684735244,9.107423468116798
302,56.909499739954555,20.738824457965645,17.89606589992507,15.359157040480843,14.85693424770487,9.689366708532607,8.725689697652586,7.768947971503046,7.649551692280081,9.447737337260836
303,57.07610893536198,20.608378875676276,17.767804917878383,14.982231433659667,14.107098533751675,10.780977388367095,8.966076974564425,7.649551692280081,7.8880957589649405,9.32725561445209
304,57.25475363076747,20.688680403437555,17.852817904003032,15.322307479088257,14.447047135089239,10.755446478023911,9.064834328918668,7.750706504690702,8.346379794828538,9.425448241715022
305,57.86936036228111,20.672238291203843,17.71133942174031,14.935102921915822,14.560423794909429,9.900137098410204,8.818236353729853,7.388588794622338,8.34017776126488,9.418379036846662
306,58.04750035334078,20.62272795047587,17.796507381583584,15.399480914457726,14.899738480014209,10.722249420961635,8.91759927274211,7.726826307841196,8.320944797245534,9.516455069959688
307,58.16199448819696,20.606052670217263,17.90936950934034,15.63735340500265,14.266279927122048,9.869396858219222,9.030025726492132,7.958028851578,7.4839818116153545,9.389191027333963
308,58.058386920319926,20.57344062460862,17.881333656256977,15.363395613515669,14.492076889716548,9.974627035848572,9.255300270837642,7.945944442913162,8.42049727381148,9.85424734615273
309,58.17262639561118,20.298514670569208,17.867015913836205,15.600698836384192,14.480584714202987,10.568366537054066,8.889723452577147,7.821206486053528,8.532642446699928,9.72670801521082
310,57.84080294187914,20.169526325395097,17.740200542945132,14.97736209051645,14.233029500521925,9.96646535659268,8.651801207507875,7.9394117509773166,7.584749053424891,9.72670801521082
311,58.069352454075045,20.266159111879382,17.838774786625873,15.326773448627483,14.45798109072496,9.711487805371403,8.638304219541048,7.927398352112164,8.163733129194421,9.591955199454308
312,58.0180147285894,20.121523856603538,17.824850804757762,15.066483905309418,14.076252206945282,10.183354818752939,8.631909194710802,7.921222038305874,8.513035646155164,9.584446624003052
313,57.91526614500418,20.08953158412392,17.922758908630982,15.41519509084765,14.300679351495042,10.527355515196744,8.736906412297637,8.027096515690541,8.855792116610072,9.569834572223053
314,58.0293284423398,19.81741776248689,17.90879131768096,15.278865402865415,14.536267142166015,9.920462316173001,8.611755026434691,8.139041293797588,8.02119926031846,9.443310122510248
315,58.30829944255059,19.673278588706246,17.894515053305884,15.266776741337182,14.524790352658517,10.631120190566437,8.8420132735283,7.8969874010039245,8.368526906557445,9.793474774403649
316,57.82404509590918,19.75430479773898,18.104538989161185,15.602624663411845,14.490755090723562,10.128509233031938,9.17690256630045,8.113817836146737,7.878979668118625,10.008984980501923
317,57.72249845203986,19.723404580537473,18.076409797340066,15.578649141094337,14.223269010528432,10.710210313288439,9.162983630965915,8.219313729787357,8.336794371509056,9.637394931220367
318,57.99992306591345,19.70766071325801,18.062048415713598,15.318933144674306,14.211732252729428,10.462838150510024,9.037455079768618,8.095330529372665,8.683455651080607,9.985978640655885
319,57.898206952322596,19.80402903379488,18.159719251116137,15.54212696922309,14.06787291988503,11.044124262233183,9.378466543074069,8.083152113534656,8.788290331547147,10.08984441986892
320,57.95980118778201,19.899846253500073,18.130891479401996,15.641287327434485,14.167809439304143,11.865726064664981,9.48195401856211,8.18794539744146,8.071026649542592,9.955682031625097
321,58.02171685477121,20.122482951954606,18.227884155000904,15.740220314039895,14.267876163949838,10.652387274355501,9.34946690905117,8.292503019585348,8.409433794818522,9.703574758208463
322,58.46287254252948,20.106800355512867,18.08852417718447,15.358867095661205,14.135221584403709,11.120735653342626,9.34257839918291,8.052379448841727,8.169365018971549,9.696405569980492
323,58.85228525915947,20.075178578398475,18.310493345416127,16.073131848229234,14.356809595009402,11.580968666823674,9.328160751473492,8.039998198031123,8.507106500774563,9.917550710201217
324,59.29383256639843,19.80607495979505,18.17129370727478,15.691474813671897,14.467650344741703,10.857625375221728,9.321302072801322,8.034153801454366,8.734853893188134,9.674288751399912
325,59.571149471599206,19.664412166594666,18.157279150890236,15.556816767358072,14.33468930096216,10.61185955493064,9.196851937458478,8.028317654807038,8.611359260830627,9.666814878502821
326,59.189752765769924,19.64883764870831,18.14259305941978,15.66722622402658,14.566675996063719,11.078392659660844,9.189437344981705,8.021824664724287,8.021824664724287,10.012693609915004
327,59.30219538622183,19.507648195833134,18.128619980746524,15.65493006207347,14.67727962790148,10.24127957785972,9.182700946190673,7.899667541451119,8.481305521983495,9.769732118102786
328,59.13800879495617,19.38179653762527,17.879449258359152,15.043196286405891,14.312665742073532,10.12307016240144,8.948509895218029,7.78376764345144,8.016005475155044,9.887296864814001
329,59.08586813398766,19.49254899828653,17.865702790212733,15.153740881504753,14.05912658301401,9.880013960629714,8.941967352850455,7.77779777181946,8.70835301859518,9.6448240315827
330,58.93108872335796,19.572233660426942,17.948014105907767,15.484590837411131,14.14748433102826,10.563487289183893,9.03823719686911,7.875833587937299,8.688666136444933,9.622926728033912
331,58.71661650215234,19.682667335375967,17.93424565883798,15.350958766211376,14.016084372606862,10.320053712712408,8.798564615332149,7.870146450872635,7.870146450872635,9.967517965465447
332,59.10325515096522,19.65197154155944,18.03036632798697,15.448712337502515,13.994317508402727,10.6570621358253,8.668721405168183,7.858135379882326,7.512281142784589,9.367436298703243
333,58.837242968611406,19.746929548970733,18.126590015678556,15.912685430578822,14.21408277294738,10.523590542201893,9.004342714636488,8.308467500127469,7.961662758803355,9.820447333098727
334,59.27486715328756,19.856641664023986,17.988309231872744,16.022215047882327,14.203075401029977,10.280821575866131,8.881171336988007,8.301800892334164,8.764967680140693,9.346274741871921
335,59.060069668986586,19.966600591318247,18.098179746694324,15.40134139799549,14.192405325360797,10.625029226413329,8.874381459740086,8.180173218981519,8.411190811307666,9.339119858005946
336,59.00885321627933,19.951224573314704,17.960829438249167,15.754267584012757,14.181396943163453,10.031452787775793,8.636334145085884,8.174274277716872,8.174274277716872,9.797903197253929
337,59.334382926374246,19.951224573314704,17.837418040339838,15.511006188580042,14.061239419954665,9.914800560264922,8.751919560885167,8.059168348782666,8.174274277716872,9.797903197253929
338,59.06869243281165,20.17043004475431,17.809536592328985,15.244827292642025,14.159812655617037,9.899647869806417,8.970026161879755,8.161843019257878,8.161843019257878,9.78327624362184
339,59.342434233910794,19.90454197720418,17.795967638920605,15.354242138451154,14.269174333363072,10.242186184874038,8.963523654292619,8.040793932172706,8.501392396221311,9.19516673240267
340,59.01756421937926,19.90454197720418,17.550072396969156,14.991505789517824,13.909217335225016,9.89241859955563,9.079126886039292,7.926051495834777,7.811066863632664,9.19516673240267
341,58.96604276788809,19.76452155096683,17.536724229961052,14.859745072378663,13.778896391416104,10.001485849019996,8.841273714702789,7.805468576996839,7.920027083082949,9.536239685435104
342,59.18775326406455,19.983066138142917,17.509404780482566,15.077819745918639,13.757659316108558,10.219076145215068,8.94307337938164,7.908021169757591,7.793303878833142,9.058745444150604
343,59.350424087304184,19.733901391487514,17.38691782819008,15.19832126318041,13.63838430355274,9.753782572623072,8.827836317295256,7.793303878833142,8.252406339065372,9.637531289210981
344,59.572166756140795,19.703324648865618,17.360196951013585,15.054843333253881,13.737152420996392,10.087364930352694,8.699792687591264,7.7818274533231095,7.896367258637303,9.276237707736339
345,60.11822931483953,19.796998498858553,17.700532060827474,15.272296918790618,13.716034934142687,10.30432350562761,8.686608496780671,7.770064976320268,7.9985493104693175,9.377417717913554
346,60.50213274318075,19.89077866752087,17.673366543199172,15.249417976408015,13.814450710234045,10.17312476052807,8.788384650406334,7.644894984965633,8.67377877081593,9.594302968322678
347,60.28727573814907,19.627496523469222,17.659992531172737,15.237650021764912,13.803833529137192,10.397340818066688,9.011718652524282,7.98108172001119,7.866889453294758,9.472172945646305
348,60.722676079821746,19.73592254108497,17.646319175869785,15.466253896902497,13.555781517525947,10.62161475442022,8.889955679676003,7.860965506927428,8.202890379580168,9.349671420249717
349,60.507646134194665,19.720879198311813,17.510823489861828,15.094464537465978,13.664153603772169,10.497668206290587,8.654116069969888,7.855032391655746,7.855032391655746,9.342584901596183
350,59.858541229882285,19.47377333666027,17.26753388908328,14.974831999526904,13.545731851482422,10.265883097680721,8.425383709765393,7.6276149701823766,7.741443925561326,9.688272957723381
351,59.11055441752605,19.567453738106312,17.484407817359465,15.191483445818749,13.525327408499114,10.597750203024544,8.526971808779164,7.5028962076159305,8.184993770546392,9.32877884642987
352,58.73845997989647,19.552213966035573,17.106979948190936,15.180149894011759,13.396933009011802,10.47410874755847,8.63485165810616,7.271246232975611,7.384201691281187,8.978029619832524
353,58.68785722210181,19.660241918936684,17.214891620590706,15.287968294366554,13.504663771037583,10.350438659754495,8.286288706200889,7.26546508349903,7.378665953771683,9.19990076828225
354,58.90749514706461,19.75349956931311,17.188663538559968,15.384203026537708,13.602580337232318,10.335441119591243,8.501634696719844,7.36791653119301,8.160709172086205,9.072162983994238
355,59.12683458126658,19.84654651185692,17.40458377943515,15.122705886642821,13.699932780197598,10.320146957278983,8.489176264214418,7.695652219557683,8.14844173837985,9.745306330720124
356,59.39631619183647,19.585103639969994,17.391201082385013,15.230129462670112,13.807286448922673,10.312031709291087,8.596266805600857,7.689895680147297,7.91593205243611,9.165945290765324
357,60.20683465232397,19.540684109671382,17.593110246630236,15.433916347841533,13.894366308172287,10.174435160334609,8.918046907013812,7.672953896914651,7.89847175205985,9.48781349164796
358,60.79946220461425,19.648323667689915,17.57992387578392,15.065666527541453,14.001732620884951,10.16676721077968,8.911683310384317,7.780004101287552,7.667211957926962,9.594957594085418
359,60.908688590072174,19.755890405441267,17.446223243776213,15.173012622076124,13.87356163593735,10.159446303473729,9.018719767666328,7.549194065728566,7.661808308521019,9.587742648044834
360,60.695099699241034,19.740294068648772,17.43250230821479,15.161462375385778,13.862694293065156,10.151485637813362,8.67134029599694,7.543240305305584,7.655768568670402,9.011639767268196
361,60.64320667430454,19.48107959579672,17.419469209934263,15.268657827455593,13.969825727127365,10.258430328751654,8.891665917829872,7.650050281893261,7.650050281893261,9.459681403024558
362,60.16086773527671,19.236826300589232,17.17874549799503,15.031579238890412,13.735274844381841,10.144185405973285,8.778208896332258,7.425586368519571,7.650050281893261,9.004882897679899
363,59.94895834108709,19.466041196909185,17.285961433339835,15.020469244902655,13.72484384749411,10.365302815912507,8.77196774786278,7.420376097707153,7.532312510389757,8.885005344262689
364,60.05784601207114,19.085933871123203,17.393105030615494,15.127502627584004,13.831813274393651,10.243348318067937,8.53944616169777,7.302755014717571,7.527024382521573,8.878686299787422
365,60.00669731717355,19.07159231255245,17.260180371806005,14.879667329487836,13.587517665013726,10.235990616043187,8.082599653161203,7.074236536672266,7.521414602912465,9.325091264437106
366,59.955632101972895,19.300166342170407,17.127215857206348,15.104826451400397,13.577222126237785,10.228307920757143,8.414187662728933,7.068974164219808,7.292212163864837,8.978612711459432
367,60.33236571025248,19.513796920755144,17.34063881404872,15.199753845055053,13.67362381285993,10.3271423419413,8.401656584806277,7.504647719658862,7.504647719658862,8.51431768808612
368,60.33236571025248,18.906924384341522,16.98161518688656,14.964146893913245,13.440224824334095,10.3271423419413,8.064553222411782,7.058486382270719,7.3931357298835065,8.28908731447507
369,60.22984759578425,19.363197816200728,17.195029742653137,14.941783998017863,13.304058493293308,10.31200948597482,8.277073311044498,7.159411479701953,7.71710941304988,8.726884488152075
370,60.17824347546064,18.984945104506508,17.18225750562526,14.930453295767263,13.526673428023365,10.19074329876468,7.935181465856406,7.043111620234459,7.37700183733477,8.607795401372654
371,59.96802822942961,18.97074587175851,17.16915253557393,15.036866009148403,13.284329575576844,10.069421988802228,8.041239916572751,6.926750396852471,7.371529570298133,8.713888813865179
372,60.184351190184735,18.82154222676068,17.262784579513273,15.014787600112584,13.380492796289436,10.054721144669852,8.141177811949586,7.1385374151273835,7.360933769379317,8.925862287768254
373,60.45158546906921,18.927913959892678,17.130647844789852,15.003426853190371,13.486599249188364,9.934204705634661,8.247017346118817,7.133580814506196,7.466732551539044,8.69512055977124
374,60.77501066419805,18.884951843495948,17.448766698587924,15.20411234864645,13.572217129679686,9.799379044486928,8.117407374677759,7.339193448647367,7.450190831796432,8.78754179050655
375,60.77501066419805,18.764828012865095,17.210701385008715,15.321234972501832,13.340636454661022,9.686475939716908,8.117407374677759,7.117791985216932,7.339193448647367,8.675790646713754
376,61.14985369507088,19.097022118023517,16.94798647778066,15.298445944887328,13.321285089525515,9.672412516093358,8.439715401136286,7.217943405638409,7.550109171163682,8.886845734810784
377,61.31314126854179,19.29444501783176,17.383688623806858,15.147889282544819,13.522362531854005,9.651224314640908,8.3102731210811,7.202320519428254,7.644496080510798,8.867447063013012
378,61.31314126854179,18.93424675365273,17.265252343249326,15.147889282544819,13.291680911212628,9.539171690202936,7.8659555749774075,7.0919177193006195,7.533737587708458,8.867447063013012
379,61.26132171418687,18.920190623727784,17.13393371106224,15.136485771078522,13.051943133426096,9.532103660917306,7.7496264252270795,7.087022548183163,7.528187001906971,8.52650267375246
380,61.05021363445775,19.14556565077895,17.121317277959758,15.125440529811641,13.272125390131428,9.413253648009535,8.076169482486634,7.0818107992305235,7.5229681158946295,8.854667597556574
381,61.05409876768065,19.461708533811112,17.08291787288172,15.3242573409732,13.013006020321017,9.50427642980564,8.279693391152797,7.285978218386287,7.837371227410346,9.057684181159736
382,60.73694923885867,19.10234048459741,16.847129969706963,15.091404505615971,12.898610687371168,9.280635793402253,8.169141951007562,7.17622293949226,7.506399276383541,9.057684181159736
383,60.63440020489779,19.07371313441709,17.29330809419379,15.185478110103032,12.99393948788589,9.155754811515292,8.1571271800927,7.165698004508485,7.605557712491878,9.044655783497799
384,60.741264374890115,19.4181122413031,17.162576441737574,15.058158025301426,12.64181154448985,9.14933329286686,8.151456256485746,7.160446167132715,7.710160225650767,9.037991593684534
385,60.848057780569135,19.283995641828305,17.032147304495176,14.81513777079461,12.518644922625034,9.253941485905921,8.256012579694504,7.374787573559962,7.594725711215418,9.031336426759234
386,61.113203550407015,19.150541668214025,17.137075940340992,14.804395147500582,12.851314966535686,9.13586386974353,8.360499712638541,7.259952581312627,7.699178256354341,9.13586386974353
387,61.377987969001026,18.779000220553737,17.2419351854632,14.793667265073177,12.614305980812073,9.240322187318474,8.354362528825927,7.254639792325818,7.803561725614839,9.240322187318474
388,61.377987969001026,18.660301370653997,17.124524784894,14.67795044382374,12.386555504747424,9.129468730038372,8.243896115257842,7.035556215180686,7.583600503567961,9.018378733435982
389,61.85586188207943,19.093384359886446,16.96925093885793,14.87643721210773,12.927783286583635,9.553283300349438,8.226105664791195,7.457687422266566,7.896302798765928,9.331305380941698
390,61.8039360498828,18.486511082405098,17.190846379269868,14.865340285692891,12.350531432760024,9.54658963652581,8.440443472123969,7.452239905998079,7.671369587683912,9.213844233780376
391,61.593638063365006,18.827969672631024,17.06099704406585,14.854597050416288,12.681514072550446,9.53957922701586,8.324446122963199,7.337768120287121,7.447120502563217,9.207084524405975
392,61.12065150220142,18.47258747959817,16.827390556598814,14.509129268222859,12.228421403018633,9.65069796980724,8.104427323207139,7.228502919687905,7.337768120287121,8.875390642080724
393,61.018015861038904,18.918205019229084,16.802536974498434,14.60254166643404,12.323475785978829,9.747578783461595,8.53231953241411,7.327391894681478,7.327391894681478,9.304276534573075
394,60.54697471775025,18.799964828303807,17.036120589559186,14.372982870646146,12.210679890205837,9.747578783461595,8.092909782544048,7.109272859993256,7.327391894681478,9.193916870229467
395,60.75900035842441,18.654083334396752,16.894141074622812,14.237679587877677,12.758019552188868,10.066446443425077,8.19073895370045,7.207782848733409,7.316723711085502,9.070354819227049
396,60.81418980391487,18.626419618301732,16.75303472266892,13.98861396489583,12.400667933521051,10.384827405682083,8.398009006380617,7.306403136206538,7.523902074121372,8.947246862931326
397,61.18221687921068,19.070445275334027,17.07709408390609,13.968244509133472,12.720723590112668,10.592031229719703,8.495346919021268,7.4044958900830835,7.513286837111735,9.264166483424168
398,61.55014979563864,19.042190543764868,17.16844373655894,13.834109040605025,13.267060302689025,10.798963603276729,8.92149345816483,7.502381098815942,7.28520777150161,9.140952928092673
399,61.75900203976523,18.58523989918308,16.948224031554744,13.616800593628323,12.373609778433904,10.473427591387916,8.708404507929233,7.3991200436105,7.073824265341221,8.927677211826204
400,62.07552803205468,18.543885591763093,17.02691187406237,13.814024318998186,12.683959699898352,10.45078700572795,8.689724792399241,7.2749700700537465,7.2749700700537465,8.908507549204955
401,62.6013245200443,18.985914561322144,16.88624757936495,13.793993959262552,12.89052168062751,10.65712175629682,8.458989710046371,7.480974305808638,7.480974305808638,8.895877349019187
402,62.5486875657427,18.85449221527469,16.64281293325547,13.783832907915452,12.768820632114467,10.207488023136236,8.452851770348481,7.4755609633270605,7.4755609633270605,8.889414443429803
403,62.391433847741844,18.61998224239024,16.874039014218944,13.783832907915452,12.656351955175095,9.986768546518487,8.235250067716974,7.259505772843644,7.3673320638899344,8.889414443429803
404,62.02533123670717,18.606429220076503,16.515250396442624,13.773685617954456,12.422900003258349,9.869673224512907,8.229281757498418,7.14628065698901,7.362322823711585,8.774010737670677
405,61.606670475467,18.152475572350042,16.4119682411354,13.670539091664699,12.208045130381013,9.656674067933073,7.909016241165794,6.827785329408872,7.043475018494374,8.56194228052523
406,61.34801524038202,18.359141577715807,16.2727082118687,13.650762981025403,12.750087056673769,9.752517030533557,8.006068126885271,6.9258939339714845,7.14112045042108,8.658544152756619
407,61.192201746502995,18.359141577715807,16.157533078083773,13.763883928970703,12.638118472690104,9.533153236529799,8.006068126885271,6.9258939339714845,6.9258939339714845,8.549528966564631
408,61.560735328419575,18.524473139928748,16.21329479537248,13.93940627795201,13.152198850662119,10.046440754688057,8.085686807306272,6.90129930972264,7.2232396137385235,8.736268225412708
409,61.769933835264624,18.613857814066034,16.533600209351153,14.031765036625226,12.909249592888687,10.03187407074007,8.290331204752377,6.891381086065464,7.212849309808045,8.615428744304651
410,61.560735328419575,18.408175648562736,16.09890012718695,13.714081113204657,12.592584711494084,9.498935485662473,7.869722846199007,6.472805983058322,6.79404966745742,8.085686807306272
411,62.030434335212604,18.484218680810347,16.06394319800031,13.797119785171006,12.23165141281366,9.588088907493875,7.960881594468885,6.672786763491077,6.8867312103213365,8.176855542580578
412,62.030434335212604,18.600340328328024,15.83562697422798,13.90940594965601,12.23165141281366,9.36988094030248,7.853022399767082,6.7797170102181,6.993829471511205,8.176855542580578
413,62.18782363805452,18.55967864187705,16.02916259684994,13.991677475825245,12.538514776520142,9.34990928742137,7.944026090562657,6.872234900700856,7.299878838196875,8.375045289709686
414,62.39621019080146,18.532549569784205,15.6647519707915,13.859284018456519,12.631470367870557,9.228173443984492,8.147797072996449,7.075892691162004,7.396455306259258,8.470888847180479
415,62.39621019080146,18.532549569784205,15.778166825833393,13.859284018456519,12.18753216575516,9.336426452536427,8.040164092421927,6.755769666903536,7.289412755867295,8.470888847180479
416,62.967921084021235,18.594258486070096,16.300334881110594,14.15532433945275,12.706073655775542,9.526644116574557,8.446894658841769,6.949185650910517,7.482419907898106,8.877709716024144
417,62.86402479404299,18.261117218306133,15.63065504672195,13.941331608781589,12.715308248988327,9.208255722922347,8.023183224230776,6.741289264180456,7.060712490920399,8.668198444555859
418,62.863703379352884,18.336470489655376,16.16309121201886,14.02308170301625,13.131357844994282,9.40500245181853,8.005954914924741,6.939578503198936,7.151999972406957,8.865285437144806
419,62.29367687644659,18.003882284937305,15.834499330586665,13.809496803646232,12.807811771624433,9.195338082331842,7.904535282040048,6.625824879987456,7.0506254679186275,8.656074686583976
420,62.03650547513535,17.74844586514837,16.038379521422478,14.01317543668088,12.78986022624391,9.290447175377519,7.893526159223389,6.828760464802221,7.147192466285752,8.751552316367283
421,61.8307976289776,18.079808981662012,15.68759564621605,13.891619189761222,12.449048511425584,9.175847644483376,7.781360902567738,6.82389393190168,7.24843076804258,8.745281670492545
422,62.3476805497494,18.2436115566175,15.856324800765034,14.175373652831432,12.735077041088012,9.358514010156524,8.286718890762746,7.011146075754283,7.541313685355428,9.143355556490272
423,62.29664268537802,18.00132844818913,16.070162053604374,14.165422581653523,12.395823168926253,9.674955843197372,8.280809591682493,7.111955964616402,7.53594720159922,9.029760716385965
424,62.55427247308005,18.10292332640156,16.059082252260914,14.266827940432758,12.827213690745308,9.668329287191206,8.275203517450052,7.001794200713336,7.53088310201776,8.916396279282235
425,63.12091447996006,18.050672507727285,16.237964832950254,14.559221372812782,12.790592402999527,10.179006092835683,8.57111697569402,7.08736558589429,7.827220291233923,9.211942321012568
426,63.275470613355516,17.936539431645993,16.237964832950254,14.225896727350388,12.900571777216236,10.179006092835683,8.25198509323598,6.981955785277934,7.615333656923851,9.10487677350364
427,63.37826375454638,17.80982244583229,16.226163584606898,14.326660675093803,12.891284070548524,10.171733787442463,8.246121421267436,6.871760190787598,7.504498930550728,9.098705136654342
428,63.736960661605316,17.97311499916507,16.392584274798086,14.608083011122714,13.504087887823392,10.781687192329752,8.535265009083814,7.267791122859295,7.372989652427007,9.173295746537393
429,63.582074700255106,17.85950491523452,16.505004222877538,14.386383030841255,13.504087887823392,10.781687192329752,8.32314624921202,7.267791122859295,7.478269698093092,8.854063353359544
430,63.58047421627821,17.934549865916434,16.4697858245984,14.466503269062887,13.146586049183172,11.08231226024319,8.411564484459408,7.252706546543222,7.673079640977623,8.94173922235819
431,63.11855953650347,17.821199746577115,16.357621026499338,14.135420860958009,13.146586049183172,10.75894212977847,8.200380856977652,7.252706546543222,7.673079640977623,8.83553917065954
432,63.11752592610519,17.895845098298736,16.434413934585915,13.99525871593945,13.665967666286083,10.307274503742548,8.288491515721143,7.23769511354665,7.446959109726707,9.028815120958217
433,63.11752592610519,17.78275386238961,16.434413934585915,13.775429396246443,13.446661709782552,10.09357454470745,8.183014670843535,6.923943562087486,7.133030599973858,8.922763586442468
434,63.16816553476152,17.870238150106196,16.299278004347045,13.975196331407993,13.318376397733552,10.079263420160553,8.171474552403721,6.809940322873134,7.227515184860066,9.016051921216539
435,63.21949057542578,17.77019350965753,16.199310373068016,13.546560221397742,12.673402740440356,9.659699929395869,7.966684251198256,6.710459891984018,6.814727501178581,8.705062540304876
436,63.52529603562314,17.844992079335825,16.27640677574063,13.73694568148942,13.08181793119667,9.746131044507887,7.845224518636107,6.904799660236071,7.009003785844382,9.003923501079232
437,63.42352491478197,17.632342614167104,16.1765766916215,13.527789959804442,12.547248595225318,9.221863672116667,7.43184699723319,6.701332253716649,7.013928048380393,8.481998018510417
438,63.52529603562314,17.619587337239654,16.053527930161184,13.627487839906035,12.105092592583437,9.215348996943014,7.426623200678935,6.800675625386315,6.696631581396775,8.581435832133549
439,63.72864550782498,17.70694341541702,15.919621313807596,13.717312681575732,12.30414503894337,9.41410276840795,7.625188427632959,6.895119040304728,7.103309344827449,8.780123109526542
440,63.83022402134783,17.582081986244415,16.019234997272864,13.816816367185462,12.187292224786477,9.19616543545033,7.724377082380469,6.786386998326784,6.890288028187532,8.668586337737159
441,63.98160607789503,17.768741617521023,16.317991031657417,13.787869733907584,12.7017883135782,9.177036893082708,7.917299609651128,6.876122095944389,7.083718495817008,8.966217261622026
442,63.370482452024625,17.582081986244415,15.686662185011096,13.598621277953633,12.187292224786477,8.879372731740741,7.515373282325393,6.57882391088062,6.786386998326784,8.35301779976352
443,63.470476803767276,17.755933749379235,15.974229188902685,13.996256465893062,12.261100954671464,8.959912796743696,7.70302245764188,6.8713155441940925,6.974999999427968,8.53955366644954
444,63.21564929253021,17.730988419833484,15.951635875368085,13.867619427641923,12.675354184154003,8.947617942076079,7.796704835257507,6.9655471559399835,6.862010295128129,8.632988030003515
445,63.31673936772067,17.71823082998425,15.94054024436157,13.966657849242242,12.450680121637252,8.941337538553022,7.583130804743606,6.960685115884392,6.857221916145894,8.52219163257213
446,63.41776599057687,17.705818111635605,15.818743472199198,13.739470385781793,12.334539047094031,9.040055331111692,7.577831488995155,6.852439637469113,6.852439637469113,8.620887370608449
447,63.671246705518705,17.69338441676238,15.697827706787452,13.838658051083426,12.54098094229441,9.03400475159487,7.572827915830694,6.847952313839957,6.951268495208035,8.510545837184457
448,63.77215164818899,17.68067680624603,15.79675629355436,13.503656873016205,12.209984061252053,9.237594261737147,7.463824257193342,6.843182003451453,7.256627004861576,8.400153018353192
449,64.07478275165862,17.866325017805092,15.873235646428778,14.016636996915281,12.291575989723937,9.533293975064284,7.655588015923735,7.0353206468725045,7.345098864009305,8.591347660576364
450,63.720761556489045,17.445280842595437,15.565450509279747,13.602408603915547,12.094122402104922,9.126501531621766,7.2515690559087105,6.632314706712172,6.838417758575241,8.289997539467151
451,63.87109295869061,17.51964651646985,15.64253047364917,13.681972940056701,11.641980857676586,9.107640800184258,7.546753149755361,6.824449183216397,6.618783751443496,8.27293256258557
452,63.618065468654976,17.309685193014566,15.543876795693176,13.58341758810765,11.437266370062229,9.323647167980557,7.345098864009305,6.6233843706336595,6.829195497403674,8.174656996102879
453,63.56691208810234,17.29762038268745,15.423489106052488,13.142253730353165,11.641980857676586,9.317121674485241,7.443330380723328,6.618783751443496,6.824449183216397,7.961236108203538
454,63.46439384084534,17.272887491862722,15.401552294729433,13.55490713160833,11.945374087731935,9.723116629301886,7.432978650140389,6.609599994290948,7.22666315568927,8.053819353624208
455,63.51368885350694,17.24883286007708,15.489274042590623,13.85987189996366,12.03545955697816,9.919657805321108,7.62927789520172,6.498301045576067,7.216917252496114,8.146502306295547
456,63.91481735216982,17.642376473318294,15.773455407554392,14.036723809534006,12.215102887525696,10.416785021708462,8.02085543022867,6.684974929205498,6.992084286757049,8.43456463010647
457,63.863639406355055,17.51947436868807,15.762269990328814,13.811614140603284,11.887629018620853,10.304824991912483,7.809055205954817,6.680354043218299,6.680354043218299,8.428705693780586
458,63.96391795723154,17.507283900464216,15.75138638895478,13.694611386151562,12.0919445174461,10.193084087818017,7.598153977857157,6.675725456554202,6.675725456554202,8.21642180864937
459,64.21508206878579,17.384425466431043,15.740229798210818,13.57757537343815,11.977322410939065,9.976697338299617,7.5928942788770195,6.6711162258816925,6.6711162258816925,8.210724253224614
460,64.11224786303693,17.47055722037821,15.827177871372339,13.344862296160036,11.85524209433241,9.650226567039848,7.788019590235686,6.662200496025533,6.560344973499389,7.993671352781194
461,64.21197987341192,17.347993585413093,15.816303284043858,13.656711591127353,12.270464992714073,9.435488205660487,7.679998466322118,6.555824420424285,6.759469442886256,7.885348718962975
462,64.41125861621981,17.433364604909652,15.79395841570865,13.851787824086921,12.253612539923738,9.4223950509506,7.7718849361144855,6.546800337932005,7.25990517952829,8.182629327971155
463,64.06102486332006,17.128278341194434,15.59868712544469,13.228582791336123,11.952783928778809,9.124038588577166,7.577440265384323,6.454117268897047,6.352486898821413,7.885348718962975
464,64.36012696886465,17.311703522535794,15.67480172586301,13.949521086248,12.351264189587853,9.20887663137494,7.766805006074648,6.64415144010319,6.847521801528961,8.177259430869242
465,64.36012696886465,17.09247763069267,15.67480172586301,13.307730120310552,12.245332590276508,9.20887663137494,7.56204452780867,6.238330204952613,6.745798230991109,8.074528901963202
466,64.50739363915268,17.165981368654037,15.750330370832307,13.173947369258846,12.219986288834601,9.604020576661737,7.546407360227168,6.326606074633543,6.124425864381848,8.160621686506921
467,64.15461740738805,17.153841925005903,15.739236454724368,13.271099909052838,11.895075522165175,9.700988676871916,7.235515314502443,6.3222663040839935,6.221208759941162,7.950190912732173
468,64.10358393273857,17.142038925689498,15.51213570324826,13.687798875268012,11.886792143657189,9.694274702130581,7.332293028269609,6.4189949537090705,6.317931956789944,7.944715602361716
469,64.05247590938585,17.130215654019107,15.60956124434098,13.146630772543928,11.878803527204564,9.06821643152741,7.3275383090577515,6.515947374114495,6.515947374114495,7.939231139810223
470,64.50038893790651,17.3125294220673,15.684865762754576,13.756533063679237,11.959642318296913,9.152606958188802,7.31274376040607,6.401995791944393,6.502853058278179,8.229392195877308
471,64.84870297083617,17.39751236164939,15.770966238981881,13.419467208064239,12.153270132961374,9.243073595663704,7.404406261363291,6.494244805456697,6.998964804893243,8.21836919400047
472,64.94748988225693,17.385255505850637,15.652480145703121,13.621882424130236,12.249853135463972,9.031351686041486,7.399334242452999,6.388865650606267,6.994175952757523,8.212726759880178
473,64.79720676288719,17.276557518007994,15.437248478217722,13.410118352531578,12.039894602940764,9.133991579377835,7.095277072974305,6.388865650606267,6.489512304635709,7.805417067846887
474,64.49664418549757,17.167625573553824,15.222352836035851,13.410118352531578,12.039894602940764,8.92878960624562,7.095277072974305,6.187798413983155,6.2882943840239065,7.703781576253474
475,63.89730048087678,16.9500188472568,15.008106718453625,12.775857165997868,11.830258733993999,9.031351686041486,6.893150769319587,6.187798413983155,6.590529921098886,7.500740256646078
476,63.747614153559965,16.841662413311653,14.79388005905775,13.092620166421705,11.62094472091881,8.92878960624562,6.994175952757523,5.987032000762661,6.691327845174149,7.399334242452999
477,63.94521394919315,16.926796099373266,14.88041092668175,13.28597755616651,11.709603532663339,9.019219089784304,6.984898100594257,5.978859840496811,6.682176334891147,7.592096127690201
478,63.74525737553292,17.02342700237016,14.870018739893425,13.382425832615464,11.805970994246453,8.705919360990166,6.980126929783339,6.175430036503902,6.778278757851895,7.48533473467991
479,64.7371603793903,17.192925534270827,15.149227428669821,13.240472984203906,11.98250649807647,8.784541574345461,7.26371818661211,6.459156053160005,6.961368584929801,8.072826312500155
480,65.0836743293333,17.277133358158398,15.23514033215085,13.01221777370215,12.17457157785891,8.67075964955924,7.556134022015295,6.450374457471538,6.550469164576483,8.162806255678024
481,65.48218978439681,17.15741338981199,15.224812316695568,13.63435478664115,11.853874984832899,8.868568296558516,7.551264716465273,6.446272183318173,6.546297651753631,8.157514112821909
482,65.28021822206534,17.03735249697025,15.214215897054018,13.099417424924981,11.845702562111347,8.55764962573171,7.344488488593666,6.441894765055828,6.741987464773675,8.354497599354817
483,65.13018011101047,16.929382861229215,15.107666263331435,12.994499957765644,11.845702562111347,8.456184071046744,7.344488488593666,6.342012943096438,6.842167741094162,8.151948066365106
484,64.48182039631679,16.810341186064143,14.991052040513603,12.776355011625038,11.733937847952346,8.552087531377504,7.4403324454819755,6.237958983088761,6.237958983088761,8.045579043859142
485,64.43060461420438,16.79860171211761,14.980636580322406,13.186441638392614,11.725859668970255,8.647652223129693,7.334780263218305,6.233730104143589,6.233730104143589,8.141116791511697
486,64.23102778718594,16.67931239058831,14.970234337744268,12.863254670863526,11.510557300951529,8.64145603386304,7.1288833301117664,6.030526872867984,6.428782139983664,8.135571266703222
487,64.7709563754268,16.63375262312385,15.141568461656702,13.35075120228648,11.68617993502776,8.517446135004342,7.21011262720625,6.11367739807567,6.312256838885485,8.315580007679115
488,64.96634467728401,16.610902517576488,15.12088132566944,13.437200305413464,11.670433330788567,8.506147722408395,7.200626748851106,6.403271840826842,6.502609175014258,8.203587604226644
489,65.06380697094555,16.706376713997425,15.216281066830959,13.11471773424539,11.662435200565369,8.39931394871514,7.1954605860270435,6.299752276238516,7.095673751104855,7.997026369041893
490,65.01301744585292,16.481567057537518,15.100246428559265,13.314567066263788,11.654726024214058,8.393891699699502,7.0911536229288545,6.295779723317165,6.494107887653273,7.991883200821245
491,64.71605969329183,16.268102066801987,14.994540796490657,12.689752909108165,11.551655480792151,8.192737245459124,7.190871635879724,6.295779723317165,6.5933823079359986,7.891274538640915
492,64.36880805689218,16.363433912349127,14.878631255882924,12.992867777611716,11.440830361448166,8.388197846448783,6.9867857215815405,6.291243681666813,6.489726061430658,7.885929149707018
493,64.31872941042833,16.352368362151168,14.974110117960235,12.258250856325581,11.433285928782643,8.382789113286286,7.081852066661241,6.188363298934759,6.584765487842974,7.680741148145654
494,64.80917527491908,16.5430118470397,14.848410259218431,12.345073455370057,11.62342871275289,8.67317187548751,7.072281779601344,6.27909329863821,6.377948787350328,7.670344150709281
495,65.2484667484711,16.615362240619902,15.02860226034696,13.147725113498119,11.702559210644605,8.957351443025825,7.356204300295999,6.26642125922524,6.562887153465778,7.854533360127953
496,65.98490066730494,16.68746217592142,15.102908348047894,12.501104857408535,11.884000109577919,9.543247587462906,7.540211275427491,6.35224578111357,6.648321769921339,7.938553208454658
497,66.08193673743764,16.676527528731807,15.197837441622683,12.699030235821281,11.773673971751302,9.637889122414945,7.5354124692107325,6.446716042247254,6.644134267798537,8.033109195910797
498,66.17863078497092,16.771196006258975,15.082432274913524,13.206819246431868,11.663002181012724,9.429934191380507,7.431151737806554,6.442392484435324,6.935713509179426,7.828359586870482
499,65.1005340462878,16.0845048670828,14.608386394167642,11.908072923747282,10.883305489528265,8.555199007786445,6.859721399254754,5.6754566278846585,6.26642125922524,7.157506668769988
500,64.02623193102235,15.322226383635025,13.63716417825992,11.147499718884028,10.021180886703448,7.5956453802129245,5.903414708960629,4.819441761753378,5.606858742890182,6.200630333102539
501,62.50747112034568,13.95103485542093,12.479738030054316,10.198851698854197,8.868568296558516,6.346321284201953,4.657321848651023,3.7717578986348164,4.164647128272774,5.1521137393072305
502,60.98308396897179,12.784747947852034,11.211041034733544,8.729900737356246,7.810773541320096,5.290017776192125,3.7009604873811073,2.717010067704614,3.011460448341319,3.7009604873811073
503,59.944850140474266,11.805936987472206,10.338414098437557,7.756095525436783,6.736523146908643,4.3204665068567145,2.634574640249066,1.7506470006484685,1.9464398521859148,2.8319645281145633
504,58.247565830481186,9.933266082739639,8.365310060619905,6.097527176607226,4.673405758740788,2.366208166999382,0.8824299958685594,0.09769431908108565,0.48948138395295193,1.1779792676030287
505,56.532451776852476,8.148774456707788,6.376039614422353,4.013352292910098,2.695930385297082,0.09883871230506656,-0.6903932479558714,-1.3772068912218252,-1.2791037239536358,-0.2963643469050694
506,51.06665199198916,2.5879701661136982,0.9259407914551167,-1.2250128271167766,-2.840968480559974,-5.426336261715886,-5.918128090980588,-6.4078029059496355,-6.603048877986832,-5.819743845690576
507,48.10348330342221,-0.4174487208353404,-2.178556134260658,-4.221492899930944,-5.833615708721647,-8.413081473006663,-8.707319784761726,-8.80553988587952,-9.196827518944948,-8.60931361650834
508,47.78270068118043,-0.8357135450468406,-2.4923032485340992,-4.6361846468608405,-6.347093130836251,-8.823868844824558,-8.725733821647301,-8.528955115125475,-9.01991899156067,-9.01991899156067
509,47.957365240917945,-0.7299160786498863,-2.384231979118081,-4.424044843089311,-6.5329622147144795,-8.413081473006663,-8.019446708872165,-7.920925812561728,-8.413081473006663,-8.511234208237672
510,47.77275479701385,-0.6253908765023358,-2.4851721516086167,-4.420896807812584,-6.727546242258569,-8.112176643282933,-7.520503954053851,-7.520503954053851,-8.013797293687785,-8.112176643282933
511,47.840059650170474,-0.5208668110816117,-2.379425561419895,-4.616736519382471,-6.718350155364189,-7.904507460381984,-7.115020605207047,-7.016037413896317,-7.510211329710695,-7.904507460381984
512,47.94661054469515,-0.5204927748527218,-2.3777257624996007,-4.714182590573543,-6.614395911383917,-7.505211714671007,-6.812746747879352,-7.011089884627562,-7.307611693229122,-7.505211714671007
